project_id_1,project_id_2,pair_disposition,decision_reason
missing_footprint_100083064,missing_footprint_100083069,retain_distinct_addressed_buildings,"Adjacent one-family buildings at 2841 and 2843 N Talman have distinct PINs and distinct permit chains."
missing_footprint_100086989,missing_footprint_100087025,retain_distinct_addressed_buildings,"Adjacent one-family buildings at 2329 and 2327 W Lunt have distinct PINs and distinct permit chains."
missing_footprint_100117783,missing_footprint_100119429,retain_distinct_addressed_buildings,"Adjacent one-family buildings at 3321 and 3327 W 65th have distinct PINs and distinct permit chains."
missing_footprint_100126095,missing_footprint_100126100,retain_distinct_addressed_buildings,"Adjacent one-family buildings at 2419 and 2417 W Gladys have distinct PINs and distinct permit chains."
missing_footprint_100149577,missing_footprint_100149578,retain_distinct_addressed_buildings,"Adjacent one-family buildings at 3551 and 3553 S Dearborn have distinct PINs and distinct permit chains."
missing_footprint_100149577,missing_footprint_100149579,retain_distinct_addressed_buildings,"Adjacent one-family buildings at 3551 and 3555 S Dearborn have distinct PINs and distinct permit chains."
missing_footprint_100149578,missing_footprint_100149579,retain_distinct_addressed_buildings,"Adjacent one-family buildings at 3553 and 3555 S Dearborn have distinct PINs and distinct permit chains."
missing_footprint_100157368,missing_footprint_100157372,retain_distinct_addressed_buildings,"Adjacent one-family buildings at 1516 and 1518 N Harding have distinct PINs and distinct permit chains."
missing_project_6227_w_henderson,missing_project_6229_w_henderson,retain_distinct_addressed_buildings,"Adjacent one-family buildings at 6227 and 6229 W Henderson have distinct PINs and distinct permit chains."
