permit_number,field,value,source,note
100071123,no_match,TRUE,"hand check, tasks/audits/construction_hand_checks/queue_first_pass.csv","All three candidates (2843, 2841, 2835 S Broad) have 2006 revisions to their own permits (100068886, 100069014, 100061386)."
100095887,assign_lot,assessor_residential_17313100400000,"hand check, tasks/audits/construction_hand_checks/queue_first_pass.csv",Candidate carries the permit's house number 2247 (misstreeted as S Oakley) at 19 ft; 2249 likely the sibling permit 100095888.
100108518,assign_lot,assessor_residential_25214150240000,"hand check, tasks/audits/construction_hand_checks/queue_first_pass.csv",11722 S Princeton has 2006 permit 100144345 REVISION TO PERMIT #100108518 TO CORRECT ADDRESS.
100115887,assign_lot,assessor_residential_16133120610000,"hand check, tasks/audits/construction_hand_checks/queue_first_pass.csv","Candidate is addressed 811 Kedzie, same house number as the permit, 62 ft away."
100131220,no_match,TRUE,"hand check, tasks/audits/construction_hand_checks/queue_first_pass.csv","1133 W 34th Pl got a new SFR permit 100423474 in 2012, so the 2006 house was not built there; 1139 W 34th Pl likely belongs to 100131218."
100134190,no_match,TRUE,"hand check, tasks/audits/construction_hand_checks/queue_first_pass.csv","Expired permit; candidates 718-726 E Pershing were all built 2006, before this 2007-11 permit, and none is at 736."
100142149,assign_lot,assessor_residential_16133120600000,"hand check, tasks/audits/construction_hand_checks/queue_first_pass.csv","3-unit candidate is 63 ft from 819 S Kedzie vs 112 ft from 811 (whose building is 811 Kedzie), matching the 3 DU permit."
100157224,assign_lot,assessor_residential_14304031610000,"hand check, tasks/audits/construction_hand_checks/queue_first_pass.csv","Candidate is at 2665 Hartland Ct, the permit's own address."
100160691,no_match,TRUE,"hand check, tasks/audits/construction_hand_checks/queue_first_pass.csv",2700-2706 N Hermitage had wiring permits in April 2007 before this permit issued; 2711 N Hartland has later alarm and garage-roof-deck work on its own building.
100166839,no_match,TRUE,"hand check, tasks/audits/construction_hand_checks/queue_first_pass.csv","524 E 46th Pl received a new SFR permit 100619860 in 2016, so this 2007 house was not built there; 518/522 match sibling permits 100166859/100174501."
100173008,no_match,TRUE,"hand check, tasks/audits/construction_hand_checks/queue_first_pass.csv","Only candidate 6720 S Dorchester is 1 unit, built 2006 before this 2007-08 permit, and matches sibling permits 100173010/100173011."
100173820,no_match,TRUE,"hand check, tasks/audits/construction_hand_checks/queue_first_pass.csv","2018 permit 100747292 reinstates this permit at 3958 S Drexel, so it was unbuilt then; 801 E Oakwood also qualifies for 100172917."
100194695,assign_lot,assessor_residential_14201060460000,"hand check, tasks/audits/construction_hand_checks/queue_first_pass.csv","1444 W Grace is the corner lot 24 ft away, with a 2006 demolition of a four-unit building preceding this 2007 permit; 3754 N Janssen had wiring before this permit."
100458997,no_match,TRUE,"hand check, tasks/audits/construction_hand_checks/queue_first_pass.csv","Later permits at 2736 N Lakewood (2015 rooftop HVAC to existing residence citing this permit, 2025 pergola on existing terrace) put the house on its own lot."
100526743,assign_lot,assessor_condominium_1325315075,"hand check, tasks/audits/construction_hand_checks/queue_first_pass.csv","2489 N Milwaukee had a 2016 address-change revision; 2491 N Milwaukee is the adjacent 6-unit condo at 63 ft with first-floor commercial, while 2503 is tied to 2501 N Milwaukee."
100575094,no_match,TRUE,"hand check, tasks/audits/construction_hand_checks/queue_first_pass.csv","2721 N Southport has a 2015 demolition, a revision citing this permit, and 2025-2026 work on its existing building and brick garage; the 2019 condo matches 100728257."
100635413,assign_lot,assessor_residential_14313220440000,"hand check, tasks/audits/construction_hand_checks/queue_first_pass.csv","1766 N Wilmont belongs to permit 100685890 at 1766; 1760 N Wilmont, built 2017, is the adjacent lot matching this 2016 permit at 1764."
100685890,assign_lot,assessor_residential_14313220460000,"hand check, tasks/audits/construction_hand_checks/queue_first_pass.csv","Candidate is at 1766 N Wilmont, the permit's own address."
100763750,assign_lot,assessor_condominium_1705117068,"hand check, tasks/audits/construction_hand_checks/queue_first_pass.csv",2-unit condo 45 ft from 1447 W Blackhawk after its 2018 demolition; 1437 W Blackhawk has its own SFR permit 100601611.
100862944,assign_lot,assessor_residential_20033110560000,"hand check, tasks/audits/construction_hand_checks/queue_first_pass.csv","Paired lots at 4457/4459 S Calumet: the 1-unit candidate matches this SFR, and the 2-unit candidate 20033110550000 matches the 2 DU permit 100866709 at 4457."
100866709,assign_lot,assessor_residential_20033110550000,"hand check, tasks/audits/construction_hand_checks/queue_first_pass.csv",The 2-unit candidate 36 ft away qualifies only for this 2 DU permit; the 1-unit neighbor goes with SFR permit 100862944 at 4459.
100868800,assign_lot,assessor_residential_20043090410000,"hand check, tasks/audits/construction_hand_checks/queue_first_pass.csv","Candidate is at 4351 Halsted, the permit's own house number."
100881263,assign_lot,assessor_residential_20031170380000,"hand check, tasks/audits/construction_hand_checks/queue_first_pass.csv","Candidate is at 4143 Calumet, the permit's own house number."
100911559,assign_lot,assessor_residential_20031170440000,"hand check, tasks/audits/construction_hand_checks/queue_first_pass.csv","Candidate is at 4129 Calumet, the permit's own house number."
100075525,assign_lot,assessor_condominium_1708226017,"hand check, tasks/audits/construction_hand_checks/queue_first_pass.csv",Permit says deed address should be 848 W Erie and 2010 permits at 848 W Erie revise permit 100075525 to change address.
100090161,assign_lot,assessor_residential_19111210230000,"hand check, tasks/audits/construction_hand_checks/queue_first_pass.csv",Permit 100227286 at 3644 W 51st changes address from 3632 to 3644 W 51st St.
100095888,assign_lot,assessor_residential_17313100410000,"hand check, tasks/audits/construction_hand_checks/queue_first_pass.csv",Townhome pair at the 35th Pl/Oakley corner; candidate 2249 carries the same house number as the permit (2247 pairs with sibling permit 100095887).
100119246,assign_lot,assessor_residential_13303020540000,"hand check, tasks/audits/construction_hand_checks/queue_first_pass.csv",Candidate is 2709 N Montclaire (spelling variant of Mont Clare) with the same house number; 2711 belongs with sibling 100119293.
100134355,no_match,TRUE,"hand check, tasks/audits/construction_hand_checks/queue_first_pass.csv","Expired permit at 742 E Pershing; the only candidate, 726 E Pershing, was built 2006 at a different number and also fits permit 100134190."
100155551,assign_lot,assessor_residential_14304031630000,"hand check, tasks/audits/construction_hand_checks/queue_first_pass.csv",Candidate 2705 Hartland Ct has the permit's exact address.
100157240,assign_lot,assessor_residential_14304031620000,"hand check, tasks/audits/construction_hand_checks/queue_first_pass.csv",Candidate 2701 Hartland Ct has the permit's exact address.
100161486,assign_lot,assessor_residential_16222280480000,"hand check, tasks/audits/construction_hand_checks/queue_first_pass.csv",1530 S Karlov has its own erect-3-DU permit 100150682; the remaining candidate 1524 S Karlov is the adjacent lot and qualifies only for this permit.
100164445,assign_lot,assessor_residential_14304031300000,"hand check, tasks/audits/construction_hand_checks/queue_first_pass.csv",Candidate 2730 Hartland Ct has the permit's exact address; 2716/2720 were built 2006 and shared with 100165758.
100179561,assign_lot,assessor_residential_25044090060000,"hand check, tasks/audits/construction_hand_checks/queue_first_pass.csv",Candidate 9331 S LaSalle has the permit's exact address; 9333 goes with sibling 100179579.
100202139,no_match,TRUE,"hand check, tasks/audits/construction_hand_checks/queue_first_pass.csv","3618 W 51st was renumbered from 3620 (permit 100227274), 3605 W 50th is on another street, and a 2024 new-construction permit 101038572 at 3610 W 51st shows the lot stayed unbuilt."
100205723,no_match,TRUE,"hand check, tasks/audits/construction_hand_checks/queue_first_pass.csv","The only candidate has no Assessor data, and the lot was permitted again for a new single-family house in 2014 (100489467), so the 2007 permit was likely never built."
100214021,no_match,TRUE,"hand check, tasks/audits/construction_hand_checks/queue_first_pass.csv",2015 permits at 4148 S Prairie repair fire damage to an existing 3-story residential building with units 1N/2N; the building is on its own lot and 4116 S Prairie is elsewhere.
100214309,no_match,TRUE,"hand check, tasks/audits/construction_hand_checks/queue_first_pass.csv",A 2023 permit at 4142 S Prairie repairs an existing porch on the building; the only candidate is 4116 S Prairie (built 2006) on another lot.
100225118,no_match,TRUE,"hand check, tasks/audits/construction_hand_checks/queue_first_pass.csv","3623 and 3625 W 50th were renumbered from 3619/3621, 3618 W 51st from 3620, and 3640 W 51st is on another street; none ties to 3607 W 50th Pl."
100528447,assign_lot,assessor_condominium_1325315074,"hand check, tasks/audits/construction_hand_checks/queue_first_pass.csv",The 2015 elevator permit at 2503 N Milwaukee is for '2501 N Milwaukee Ave'; 2491 is an existing building with a first-floor restaurant.
100693524,assign_lot,assessor_commercial_17044510060000,"hand check, tasks/audits/construction_hand_checks/queue_first_pass.csv",Full-building permit for the 32-story 1140 N Wells tower; the single candidate is the 370-unit tower built 2020 next to the site.
100747714,assign_lot,assessor_condominium_1708116042,"hand check, tasks/audits/construction_hand_checks/queue_first_pass.csv",Candidate 1462 Ohio Unit 1 has the permit's exact house number and street.
100768840,assign_lot,assessor_condominium_1704111061,"hand check, tasks/audits/construction_hand_checks/queue_first_pass.csv",Candidate 1529 Hudson Unit 1 has the permit's exact house number and street.
100799509,assign_lot,assessor_condominium_1705314069,"hand check, tasks/audits/construction_hand_checks/queue_first_pass.csv",Candidate 1504 Walton Unit 1 has the permit's exact house number and street.
100833161,assign_lot,assessor_condominium_1708116041,"hand check, tasks/audits/construction_hand_checks/queue_first_pass.csv","Candidate '1748 Ohio 1' is a digit transposition of 1474 Ohio; the other permit it fits (1462 W Ohio, 100747714) has its own exact-address condo."
100863309,assign_lot,assessor_residential_20031170370000,"hand check, tasks/audits/construction_hand_checks/queue_first_pass.csv",Candidate 4145 Calumet has the permit's exact house number and qualifies only for this permit.
100868807,assign_lot,assessor_residential_20043090400000,"hand check, tasks/audits/construction_hand_checks/queue_first_pass.csv",Candidate 4355 Halsted has the permit's exact house number; 4357 is shared with prototype 100868800 and others.
100893551,assign_lot,assessor_condominium_1601208052,"hand check, tasks/audits/construction_hand_checks/queue_first_pass.csv",Candidate 1439 California Ave Unit 1 has the permit's exact house number and qualifies only for this permit.
100911592,assign_lot,assessor_residential_20031170420000,"hand check, tasks/audits/construction_hand_checks/queue_first_pass.csv",Candidate 4133 Calumet has the permit's exact house number and qualifies only for this permit.
100919557,assign_lot,assessor_residential_20101020370000,"hand check, tasks/audits/construction_hand_checks/queue_first_pass.csv",Candidate 4735 Michigan has the permit's exact house number; 4733 goes with sibling 100919558.
100979765,no_match,TRUE,"hand check, tasks/audits/construction_hand_checks/queue_first_pass.csv",A 2025 reinstatement of permit 100979765 says work must still begin; the house at 2844/2848 N Sayre was not built and the candidates have no data.
100080630,assign_lot,assessor_commercial_17103180820000,"hand check, tasks/audits/construction_hand_checks/queue_first_pass.csv","Only candidate is the 608-unit 2007 Lakeshore East tower (360 E Wacker) matching this 607-unit 360 E South Water tower; note 100120255 at the same address is the full-tower permit for the same building, and this one is foundation-only."
100095781,no_match,TRUE,"hand check, tasks/audits/construction_hand_checks/queue_first_pass.csv","2446 W Walton has its own 2006-08 demolition and later revisions to 100095781 (2013 rooftop access), so the building is on its own lot; 2442 already had an alarm permit in 2006-09 and 2458 had its own 2006-03 demolition."
100119293,assign_lot,assessor_residential_13303020530000,"hand check, tasks/audits/construction_hand_checks/queue_first_pass.csv","Same house number: permit 2711 N Mont Clare, parcel 2711 N Montclaire."
100131218,no_match,TRUE,"hand check, tasks/audits/construction_hand_checks/queue_first_pass.csv","1135 W 34th Pl got a new 2010 NC permit (100337241), so the 2006 house was not built there; candidate 1139 W 34th Pl is a different lot and also fits 100131220."
100132484,no_match,TRUE,"hand check, tasks/audits/construction_hand_checks/queue_first_pass.csv",A 2022 NC permit (100971986) for a new SFR at 4212 W Fifth Ave shows the lot was still unbuilt; 4204 and 4202 W 5th Ave are different lots that also fit 100132460.
100137652,assign_lot,assessor_condominium_1420300030,"hand check, tasks/audits/construction_hand_checks/queue_first_pass.csv","The 22-unit 2008 condo at 1550 W Cornelia is on the Ashland/Cornelia corner of this 22-unit 3505 N Ashland permit; the other qualifying permit, 100298401 (26 units), was cancelled."
100152028,no_match,TRUE,"hand check, tasks/audits/construction_hand_checks/queue_first_pass.csv","The only candidate (3709 N Ashland) is on Ashland near 100159573 (3707 N Ashland), which got a 2007 temporary electric service; this 1552 W Waveland mixed-use permit expired with no follow-up permits."
100155578,assign_lot,assessor_residential_14304031640000,"hand check, tasks/audits/construction_hand_checks/queue_first_pass.csv","Same house number: permit 2709 N Hartland Ct, parcel 2709 Hartland Ct."
100159573,assign_lot,assessor_condominium_1420111044,"hand check, tasks/audits/construction_hand_checks/queue_first_pass.csv","Candidate 3709 N Ashland is on the same side of the same street, two numbers from 3707, and 3707 got a 2007-04 temporary electric service; the competing 1552 W Waveland permit expired with no activity."
100165758,assign_lot,assessor_residential_14304031310000,"hand check, tasks/audits/construction_hand_checks/queue_first_pass.csv","Same house number: permit 2726 N Hartland Ct, parcel 2726 Hartland Ct."
100172917,assign_lot,assessor_residential_20021020510000,"hand check, tasks/audits/construction_hand_checks/queue_first_pass.csv","3952 S Drexel is at the Oakwood Blvd (3950 S) corner; the candidate, 801 E Oakwood, is a large-lot 2007 SFR addressed on the cross street, 106 ft away (also fits 100173820)."
100179579,assign_lot,assessor_residential_25044090070000,"hand check, tasks/audits/construction_hand_checks/queue_first_pass.csv","Same house number: permit 9333 S La Salle, parcel 9333 S Lasalle."
100202140,no_match,TRUE,"hand check, tasks/audits/construction_hand_checks/queue_first_pass.csv","Candidate 3618 W 51st was re-addressed from 3620 (100227274), so it belongs to that lot; 3605 W 50th is on a different street across the alley, not a corner."
100205731,no_match,TRUE,"hand check, tasks/audits/construction_hand_checks/queue_first_pass.csv","This is a detached-garage single-family house on Lot 85 at 1925 N Lotus; the candidates are seven identical 918 sq ft-lot townhouses on W Hanson, which do not fit that design."
100214011,no_match,TRUE,"hand check, tasks/audits/construction_hand_checks/queue_first_pass.csv","A 2023 porch repair on a three-story building at 3916 S Indiana shows the building on its own lot; candidates 3900 and 3904 S Indiana are separate addresses about 100 ft away, built 2006, before this Dec 2007 permit."
100214022,no_match,TRUE,"hand check, tasks/audits/construction_hand_checks/queue_first_pass.csv",2020 fire repairs to unit 2N of a '3 story 6 units apt building' at 4220 S Wabash show the permitted building on its own lot; the candidates are addressed 4238 S Wabash.
100298401,no_match,TRUE,"hand check, tasks/audits/construction_hand_checks/queue_first_pass.csv","This 26-unit 3519 N Ashland permit was cancelled; the only candidate, the 22-unit 1550 W Cornelia condo built 2008, belongs to 100137652 (22 units, 3505 N Ashland, 2006)."
100558345,no_match,TRUE,"hand check, tasks/audits/construction_hand_checks/queue_first_pass.csv","The only candidate is a 2019 condo 54 ft from 1038 N Paulina, which had a 2018 demolition and permit 100773050; this 2015 permit at 1050 got 2015 alarm permits, which suggests it was built on its own lot."
100663598,assign_lot,assessor_condominium_1704110072,"hand check, tasks/audits/construction_hand_checks/queue_first_pass.csv",The new 4-unit no-address condo PIN 54 ft away (built 2018) follows this permit's 2016-09 demolition and 2017-01 revision at 1522 N Hudson; the competing 100768840 is at another address and is a mid-2018 permit.
100728257,assign_lot,assessor_condominium_1429303064,"hand check, tasks/audits/construction_hand_checks/queue_first_pass.csv",The new 3-unit no-address condo PIN 58 ft away (built 2019) follows the 2017-11 demolition and 2018 and 2019 revisions to this permit at 2731 N Southport; the competing 100575094 is an older 2015 permit.
100741203,assign_lot,assessor_condominium_1705319143,"hand check, tasks/audits/construction_hand_checks/queue_first_pass.csv","The new 3-unit no-address condo PIN 51 ft away (built 2019) follows the 2018-01 demolition at 1513 W Walton; the competing 100799509 is a 2019 permit, less consistent with a 2019 completion."
100751695,assign_lot,assessor_condominium_1420411073,"hand check, tasks/audits/construction_hand_checks/queue_first_pass.csv","The no-address 3-unit condo built 2019 follows the 2018-05 demolition at 1117 W Newport; the other candidate has its own address, 1121 Newport, and was built 2021."
100773050,assign_lot,assessor_condominium_1706418065,"hand check, tasks/audits/construction_hand_checks/queue_first_pass.csv","The 3-unit condo built 2019 is 54 ft from 1038 N Paulina and follows its 2018-08 demolition and 2019 revision; the competing 100558345 (1050 N Paulina, 2015) is 119 ft away and too early."
100783654,assign_lot,assessor_residential_14283111000000,"hand check, tasks/audits/construction_hand_checks/queue_first_pass.csv","Same house number: permit 2464 N Burling, parcel 2464 BURLING UNIT, 2 units, built 2020."
100806942,assign_lot,assessor_residential_14184090220000,"hand check, tasks/audits/construction_hand_checks/queue_first_pass.csv","Same house number: permit 4251 N Hermitage, parcel 4251 Hermitage Av."
100935847,no_match,TRUE,"hand check, tasks/audits/construction_hand_checks/queue_first_pass.csv","The only candidate, a 118 E 41st building completed 2021, fits the 2020 permits 100867290 and 100867314; this permit was issued 2021-10 and expired, too late for a 2021 building."
100991194,no_match,TRUE,"hand check, tasks/audits/construction_hand_checks/queue_first_pass.csv","The 2025-06 reinstatement of this permit says work must begin, so the house at 2846 N Sayre was not built; the candidates have no data."
100100775,add_homes,13221020530000/13221020540000/13221020550000/13221020560000,"hand check, tasks/audits/construction_hand_checks/queue_first_pass.csv","4525-4533 W Irving Park share the 2006-10-17 alarm permits, forming the 5-unit row; 4517-4523 (2006-10-03) and 4537-4543 (2006-11-15) are separate 4-unit rows."
100124316,no_match,TRUE,"hand check, tasks/audits/construction_hand_checks/queue_first_pass.csv",2006 permit expired and the address has a new 2017 permit for 8 townhomes; 2007-era candidates are on Emerald or the even side / far odd side (759-763) of 15th St.
100132600,no_match,TRUE,"hand check, tasks/audits/construction_hand_checks/queue_first_pass.csv","Candidates are the 4 units of 807 W 37th Pl (alarm permit 2006-09-20, before this 2006-11-17 permit), not the 6-unit 3739-3749 S Lituanica row."
100179564,add_homes,13243050470000/13243050460000,"hand check, tasks/audits/construction_hand_checks/queue_first_pass.csv","PD building #10: 3014 (2324 sq ft end), 3016 (1762 middle), 3018 (2324 end) form the 3-unit row; 3012 is the end unit of the adjacent building."
100185577,add_homes,13333270760000/13333270770000,"hand check, tasks/audits/construction_hand_checks/queue_first_pass.csv",Description lists lots 75-77 at 1910/1912/1914 N Lotus.
100190745,add_homes,13333270970000/13333270980000/13333270990000/13333271000000/13333271010000/13333271020000/13333271030000/13333271040000,"hand check, tasks/audits/construction_hand_checks/queue_first_pass.csv",Description lists lots 97-105 at 5418/5416/5414/5412/5408/5406/5404/5402/5400 W Hanson.
100199964,add_homes,13333271330000/13333271340000/13333271350000/13333271360000,"hand check, tasks/audits/construction_hand_checks/queue_first_pass.csv",Description lists lots 133-137 at 5252/5250/5246/5244/5240 W Hanson.
100202302,no_match,TRUE,"hand check, tasks/audits/construction_hand_checks/queue_first_pass.csv","2008-03-12 revision 100227375 changed this permit from four units to one; 3623 and 3625 were renumbered under their own address-change permits (from 3619, 3621)."
100261678,no_match,TRUE,"hand check, tasks/audits/construction_hand_checks/queue_first_pass.csv","Parent parcel: measured no-address PIN (first assessed 2009, land 4649) was split into 4421/4423/4425 S Lake Park PINs first assessed 2010, so adding them double-counts."
100494413,add_homes,13043120550000,"hand check, tasks/audits/construction_hand_checks/queue_first_pass.csv",Member permit 100494413 is at 5212 W Olive and the candidate is the 2011 house at that address; the Latrobe houses have their own permits.
100520950,add_homes,13354180420000/13354180430000/13354180460000/13354180470000/13354180480000,"hand check, tasks/audits/construction_hand_checks/queue_first_pass.csv",Description lists the row 3565-3575 W Wabansia; the candidates are exactly 3567/3569/3571/3573/3575.
100526918,no_match,TRUE,"hand check, tasks/audits/construction_hand_checks/queue_first_pass.csv","Parent parcel: measured no-address PIN (first assessed 2015, land 5000) was split into 3001 and 3003 S Canal (first assessed 2016, land 2401/2501)."
100551077,no_match,TRUE,"hand check, tasks/audits/construction_hand_checks/queue_first_pass.csv","Parent parcel: measured no-address PIN (first assessed 2015, land 12000) was split into 11237 and 11243 S Albany (first assessed 2016, land ~6048 each)."
100559794,add_homes,13031300270000,"hand check, tasks/audits/construction_hand_checks/queue_first_pass.csv","Member permit 100559794 is at 6028 N Hiawatha and candidate 6028 (class 278, first assessed 2016, same year as the measured 6032 home) is its house."
100573918,add_homes,14313200330000/14313200340000/14313200350000/14313200360000/14313200380000/14313200390000/14313200400000,"hand check, tasks/audits/construction_hand_checks/queue_first_pass.csv","Floor areas repeat in 8-unit buildings; 1741-1755 N Winnebago (2209 ends, 2211 center pair incl. 1749) is this building, while 1705-1719 belongs to permit 100545392."
100641306,add_homes,17223030590000/17223030600000/17223030610000/17223030620000/17223030630000/17223030640000/17223030650000/17223030660000,"hand check, tasks/audits/construction_hand_checks/queue_first_pass.csv",Building 2 is the 9-unit run 1702-1728 S Prairie (larger end lots at 1702 and 1728); the 1628-1646 run belongs to sibling permit 100641307 (revision at 1630).
100658165,add_homes,20232131100000,"hand check, tasks/audits/construction_hand_checks/queue_first_pass.csv","Measured no-address PIN (land 6870, first assessed 2018) matches the earlier 1373 E 64th house (permit 2016-10, land 6919); 1375 E 64th (built 2018, first assessed 2019) is the second member's house at its own address."
100688738,add_homes,17202240630000/17202240640000/17202240650000/17202240660000/17202240690000/17202240700000,"hand check, tasks/audits/construction_hand_checks/queue_first_pass.csv","Seven same-year (2019) class-295 homes wrap the corner: 1426/1428/1430/1434 S Halsted and 802/806/810 W 14th Pl, exactly completing the 7 units."
100708162,add_homes,17211330270000/17211330280000/17211330290000/17211330310000/17211330320000/17211330330000/17211330340000,"hand check, tasks/audits/construction_hand_checks/queue_first_pass.csv","The 8 townhomes are the 2018-built, 2019-assessed row 725-739 W 15th St on the permit's own side of the street."
100733208,add_homes,17301220380000/17301220390000/17301220400000/17301220410000,"hand check, tasks/audits/construction_hand_checks/queue_first_pass.csv","Assessor lists 2241 (W) Coulter units 1-4 (built 2018, first assessed 2019, end lots 2334/1880) as one 4-unit building at the permit address."
100766406,add_homes,13081030300000,"hand check, tasks/audits/construction_hand_checks/queue_first_pass.csv",Member permit 100766494 is at 6225 W Gregory and the candidate is the new house at that address.
100768528,add_homes,17301220570000/17301220580000,"hand check, tasks/audits/construction_hand_checks/queue_first_pass.csv","2257 W Coulter units 3-4 are PINs 0590/0600; PINs 0570 (end lot 4104) and 0580 (1549) complete the 4-unit building, with 0620-0640 forming the next building."
100805767,no_match,TRUE,"hand check, tasks/audits/construction_hand_checks/queue_first_pass.csv","Parent parcel: measured no-address PIN (land 7500, first assessed 2020) was later split into the two 4022 Belle Plaine PINs (land ~3766 each, first assessed 2021)."
100818415,no_match,TRUE,"hand check, tasks/audits/construction_hand_checks/queue_first_pass.csv","3450 N Keating is a renovation of an existing house, and 3408/3410 N Keating have their own new-construction permits (100797790/100797792); the measured PIN (land 13500) looks like a parent lot."
100926668,add_homes,17332080650000/17332080670000/17332080690000/17332080710000/17332080730000/17332080750000,"hand check, tasks/audits/construction_hand_checks/queue_first_pass.csv","Permit covers 3213-3227 S Stewart; the 2023-built odd Stewart homes 3215/3217/3219/3223/3225/3227 complete the 7, while 3201-3211 belong to 100821143 and Shields to 100926667."
100960932,no_match,TRUE,"hand check, tasks/audits/construction_hand_checks/queue_first_pass.csv","Candidates are 3853-3857 S Calumet (built 2023, about 1940 sq ft), not the permit's 336/338 E Pershing units (measured 334 built 2024, 1720 sq ft)."
100100776,add_homes,13221020510000/13221020500000/13221020490000/13221020480000,"hand check, tasks/audits/construction_hand_checks/queue_first_pass.csv","4537-4543 W Irving Park got alarm permits on 2006-11-15 with 4535 (B100145741-54), same 2057 sq ft class 295; 4517-4533 were wired on separate dates as other rows."
100126553,add_homes,14304032190000/14304032200000/14304032210000/14304032220000/14304032230000/14304032240000/14304032250000/14304032260000,"hand check, tasks/audits/construction_hand_checks/queue_first_pass.csv","Description says nine units 2664 thru 2714 N Hermitage; 2664 plus 2700-2714 even (block jump at 2700) is exactly nine, all class 295 first assessed 2008."
100132618,no_match,TRUE,"hand check, tasks/audits/construction_hand_checks/queue_first_pass.csv","No parcels at 817-827 W 37th Pl; candidates are 807 W 37th Pl units and 3740-3746 S Halsted, a separate development with an alarm permit (2006-09-20) before this permit was issued."
100182684,add_homes,13243050380000,"hand check, tasks/audits/construction_hand_checks/queue_first_pass.csv","Two-unit building 5 with 3019 W Cornelia (2324 sq ft); 3021 is the adjacent address with the same 2324 sq ft end-unit size, while 3015 (past a skipped 3017) fits as the end of the 3003-3015 row."
100185611,add_homes,13333270790000/13333270800000,"hand check, tasks/audits/construction_hand_checks/queue_first_pass.csv","Description lists lots 78-80 at 1916, 1918 and 1920 N Lotus; 1918 and 1920 are candidates."
100199949,add_homes,13333270210000/13333270220000/13333270230000/13333270240000/13333270250000/13333270260000/13333270270000/13333270280000,"hand check, tasks/audits/construction_hand_checks/queue_first_pass.csv",Description lists lots 20-28 at 5227-5243 W Galewood (9 units); 5229-5243 are candidates with matching GW-6 sizes.
100202293,no_match,TRUE,"hand check, tasks/audits/construction_hand_checks/queue_first_pass.csv",2008-03-12 permit 100227373 changed this permit from four units to one unit townhome; 3623/3625 were readdressed under their own permits.
100202309,no_match,TRUE,"hand check, tasks/audits/construction_hand_checks/queue_first_pass.csv",2008-03-12 permit 100227376 changed this permit from four units to one unit townhome; 3623/3625 were readdressed under their own permits.
100234536,no_match,TRUE,"hand check, tasks/audits/construction_hand_checks/queue_first_pass.csv","Only candidate is 606 W Stratford Pl, class 209, with a 2009 renovation/addition of an existing home, not one of the Cornelia townhomes; measured parcel (land 13000) may already cover the group."
100305798,add_homes,16144070130000,"hand check, tasks/audits/construction_hand_checks/queue_first_pass.csv","Member permit 100305832 is the new house at 3227 W Flournoy, matching the candidate parcel (class 207, built 2008, 1846 sq ft)."
100427054,add_homes,14293040750000/14293040760000,"hand check, tasks/audits/construction_hand_checks/queue_first_pass.csv","Member permits 100465843 and 100486813 are new houses at 2740 and 2744 N Lakewood, which match these candidates (first assessed 2015); measured parcel covers 2728."
100504426,add_homes,13263110250000/13263110260000/13263110270000/13263110280000/13263110290000/13263110300000/13263110310000/13263110320000/13263110330000/13263110340000/13263110350000/13263110360000/13263110370000/13263110380000,"hand check, tasks/audits/construction_hand_checks/queue_first_pass.csv","Description gives range 2630-2658 N Ridgeway (15 even addresses); 2632-2658 are the 14 matching candidates, while Hamlin homes belong to permit 100553627."
100522158,no_match,TRUE,"hand check, tasks/audits/construction_hand_checks/queue_first_pass.csv","Measured no-address parcel (first assessed 2015) is the parent lot; the six units 3634 W George A-F appear a year later (2016) as split parcels, so adding them double-counts."
100527454,no_match,TRUE,"hand check, tasks/audits/construction_hand_checks/queue_first_pass.csv","Measured no-address parcel has land 71206 sq ft covering the whole Hobbie/Cleveland/Oak development (first assessed 2015); the individual rowhome parcels appear in 2016, so adding them double-counts."
100553156,add_homes,13362070070000/13362070080000/13362070090000/13362070100000/13362070110000/13362070130000/13362070140000/13362070210000/13362070220000/13362070290000/13362070300000/13362070310000/13362070320000,"hand check, tasks/audits/construction_hand_checks/queue_first_pass.csv","14 single-house member permits on W Medill/W Belden; the 13 candidates (incl. second 2647 PIN between 2647 and 2643, likely 2645) each carry a member permit or fill the two members without listed addresses."
100562095,no_match,TRUE,"hand check, tasks/audits/construction_hand_checks/queue_first_pass.csv","Measured 2522 W Grenshaw is member 100591506; the only candidate, 2530 W Grenshaw, has its own new-construction permit 100597156 and no house at 2520 is offered."
100583215,no_match,TRUE,"hand check, tasks/audits/construction_hand_checks/queue_first_pass.csv","Only candidate 1752 N Central Park is a class 207 existing home renovated in 2015, not one of the 8 townhomes; the two measured parcels (dwelling_units 4) already cover the row."
100641307,add_homes,17223030760000/17223030750000/17223030740000/17223030720000/17223030710000/17223030700000/17223030690000/17223030680000,"hand check, tasks/audits/construction_hand_checks/queue_first_pass.csv","Description gives 1626-46 S Prairie (building 3, 9 units); 1628, 1630 and 1636-1646 plus measured 1626 make exactly 9, while 1704-1728 are a different building."
100661550,add_homes,17312170280000,"hand check, tasks/audits/construction_hand_checks/queue_first_pass.csv","Member permit 100663890 is the new house at 1822 W 33rd Pl, matching this candidate; 1816 and 1814 have their own permits 100662079 and 100662080."
100698974,add_homes,17301220420000/17301220430000/17301220440000/17301220450000/17301220460000,"hand check, tasks/audits/construction_hand_checks/queue_first_pass.csv","Exactly five parcels at 2243 S Coulter (units 1, 2 and three unlabeled; built 2018, first assessed 2019) match the 5 DU building at 2243 W Coulter, with end-unit lands 1883 and 2311; permit is listed as expired."
100719515,add_homes,17301220310000/17301220320000/17301220330000,"hand check, tasks/audits/construction_hand_checks/queue_first_pass.csv",4 DU building at 2237 W Coulter; measured is unit 1 and 2237 Coulter units 2-4 complete the building.
100739872,add_homes,16134280490000,"hand check, tasks/audits/construction_hand_checks/queue_first_pass.csv","Member permit 100739874 is the new house at 2556 W Grenshaw, matching this candidate (built 2019, first assessed 2020)."
100768513,add_homes,17301220520000/17301220530000/17301220550000/17301220560000,"hand check, tasks/audits/construction_hand_checks/queue_first_pass.csv",Measured 2255 unit 3 (PIN 0540) sits mid-row; PINs 0520-0560 reproduce the 2243 prototype land pattern (1882/1412/1411/1410/2315 vs 1883/1411/1412/1410/2311) for the 5 DU building.
100788370,no_match,TRUE,"hand check, tasks/audits/construction_hand_checks/queue_first_pass.csv","Measured no-address parcel has land 94248 sq ft (first assessed 2019) covering the whole Hillock site; the nine individual houses 2559-2579 S Hillock appear in 2020 as split parcels, so adding them double-counts."
100807767,add_homes,13224250160000,"hand check, tasks/audits/construction_hand_checks/queue_first_pass.csv",Measured 4321 W Henderson is member 100807766; the candidate at 4315 W Henderson is this permit's own address (100807767).
100930815,no_match,TRUE,"hand check, tasks/audits/construction_hand_checks/queue_first_pass.csv","Measured no-address parcel (land 8150, first assessed 2023) covers two lots later split into 4724 and 4728 N Hermitage (land ~4140 each, first assessed 2024); 4722 has its own permit 100859890."
100103284,add_homes,13243050440000/13243050430000/13243050420000/13243050410000/13243050400000/13243050390000,"hand check, tasks/audits/construction_hand_checks/queue_first_pass.csv",Description range 3447-59 N Whipple (typo 3047); 3449-3459 odd side all built 2007/assessed 2008 with 2324 sq ft ends and 1762 sq ft middles.
100132543,no_match,TRUE,"hand check, tasks/audits/construction_hand_checks/queue_first_pass.csv",Permit covers 829-833 W 37th Pl but candidates are at 3740-3746 S Halsted and 807 W 37th Pl; 829 later got its own 2013 SFR permit.
100139150,add_homes,14304032560000/14304032540000/14304032530000/14304032520000/14304032510000/14304032500000/14304032490000,"hand check, tasks/audits/construction_hand_checks/queue_first_pass.csv","Revision 100211205 says 8-unit addresses start at 2649; 2649-2663 N Hermitage odd side gives 8 homes with the same 3064x4/2865x2/2584/4252 mix as the Schubert row, and 2665 belongs to the 7-unit revision 100211206."
100139153,add_homes,14304032280000/14304032290000/14304032300000/14304032310000/14304032320000/14304032330000/14304032340000,"hand check, tasks/audits/construction_hand_checks/queue_first_pass.csv",Permit covers 1713-1725 W Schubert plus corner 2731 N Hermitage; 1715-1725 are the row and 2721 N Hermitage (4252 sq ft) is the corner unit matching the 3064x4/2865x2/2584/4252 mix of the sister 8-unit row.
100160931,add_homes,13154010400000,"hand check, tasks/audits/construction_hand_checks/queue_first_pass.csv","Description lists 4356 & 4358 N Tripp; 4358 built 2008, assessed 2010, same 1454 sq ft as MEASURED 4356."
100182901,add_homes,13333270730000/13333270740000,"hand check, tasks/audits/construction_hand_checks/queue_first_pass.csv","Description lists lots 5417, 5419, 5421 W Galewood; 5419 and 5421 are candidates built 2007/assessed 2008 with matching ~1568 sq ft."
100185612,add_homes,13333270820000/13333270830000,"hand check, tasks/audits/construction_hand_checks/queue_first_pass.csv","Description lists lots 1922, 1924, 1926 N Lotus; 1924 and 1926 are candidates built 2007/assessed 2008."
100199963,add_homes,13333271240000/13333271250000/13333271260000/13333271270000/13333271280000/13333271290000/13333271300000/13333271310000,"hand check, tasks/audits/construction_hand_checks/queue_first_pass.csv","Description lists lots 5310, 5308, 5306, 5302, 5300, 5262, 5258, 5256, 5254 W Hanson; all eight non-measured addresses are candidates built 2007/assessed 2008."
100202299,no_match,TRUE,"hand check, tasks/audits/construction_hand_checks/queue_first_pass.csv",2008 revision 100227374 changed 3611 W 50th Pl from four units to one; 3623 and 3625 were separately re-addressed (from 3619/3621) the same day and are not this permit's homes.
100202401,no_match,TRUE,"hand check, tasks/audits/construction_hand_checks/queue_first_pass.csv","Only candidate is a class 204 house at 12225 S Laflin built 2015 on a 10309 sq ft lot, not a townhouse at 12239 S Justine."
100238863,no_match,TRUE,"hand check, tasks/audits/construction_hand_checks/queue_first_pass.csv",Candidates are 960 W 37th St (own permit 100262850) and the 3702-3714 S Sangamon row across 37th St; the likely row 3624-3630 S Sangamon is not among this case's candidates.
100312149,no_match,TRUE,"hand check, tasks/audits/construction_hand_checks/queue_first_pass.csv","Seven measured units at 959 W 37th St; unit 8 is not among candidates, which are the 3624-3630 S Sangamon row, 960 W 37th St (own permit 100262850) and 3702-3714 S Sangamon."
100473487,add_homes,17333270670000,"hand check, tasks/audits/construction_hand_checks/queue_first_pass.csv","Measured no-address PIN (2168 sq ft, assessed 2013) is the 3817 S Normal house later re-PINned as 3817 (same 2168 sq ft), so only 3819 S Normal for member 100500107 is added."
100506778,add_homes,13043120360000,"hand check, tasks/audits/construction_hand_checks/queue_first_pass.csv",Member 100506778 is at 5646 N Lockwood and that candidate has the permit on record; 5655 and 5658 N Latrobe have their own permits 100534417 and 100528185.
100523795,no_match,TRUE,"hand check, tasks/audits/construction_hand_checks/queue_first_pass.csv","Parent parcels: two measured no-address PINs (2640 sq ft, land 4340 each, assessed 2015) were split into 2446/2444/2440 W Ohio (land ~2835-3054, assessed 2016); adding double-counts."
100545392,add_homes,14313200180000/14313200190000/14313200200000/14313200210000/14313200220000/14313200230000/14313200240000,"hand check, tasks/audits/construction_hand_checks/queue_first_pass.csv","1705-1719 N Winnebago form a symmetric 8-unit building (2209 ends, 2169/2211 pairs), 1711 cites this permit, and 1729 N Winnebago starts sister permit 100573916's building at 1723."
100553627,add_homes,13263110530000/13263110520000/13263110510000/13263110500000/13263110490000/13263110480000/13263110470000/13263110460000/13263110450000/13263110440000/13263110430000/13263110420000/13263110410000/13263110400000/13263110390000,"hand check, tasks/audits/construction_hand_checks/queue_first_pass.csv","Description covers 2629 thru 2659 N Hamlin (16 odd addresses); 2631-2659 are all candidates built 2014/assessed 2016 with 2142 sq ft, and the Ridgeway row belongs to reference app 100506352."
100573916,add_homes,14313200250000/14313200260000/14313200270000/14313200310000/14313200320000/14313200300000/14313200290000,"hand check, tasks/audits/construction_hand_checks/queue_first_pass.csv","1723-1737 N Winnebago (with measured 1729) form a symmetric 8-unit building (2209 ends at 1723/1737, 2211 pair at 1729/1731); 1705-1719 belongs to permit 100545392."
100591547,add_homes,16134280370000,"hand check, tasks/audits/construction_hand_checks/queue_first_pass.csv","Member permit 100597156 is at 2530 W Grenshaw, whose candidate matches the measured 2526 house (class 207, 1766 sq ft, assessed 2016)."
100688417,no_match,TRUE,"hand check, tasks/audits/construction_hand_checks/queue_first_pass.csv","Parent parcel: measured no-address PIN (land 2375, assessed 2019) predates 1800/1804/1806 W Warner PINs (assessed 2020, land 202-1459), so adding them double-counts; 4138/4140 N Ravenswood are building 2 under permit 100719869."
100699306,add_homes,20033150510000,"hand check, tasks/audits/construction_hand_checks/queue_first_pass.csv",Member permit 100717798 is at 4518 S Prairie; that candidate is a class 278 house built 2018/assessed 2019 like the measured 4510.
100719565,add_homes,17301220340000/17301220350000/17301220360000/17301220370000,"hand check, tasks/audits/construction_hand_checks/queue_first_pass.csv","4DU townhome at 2239 Coulter; candidates 2239 Coulter units 1-4 (built 2018, assessed 2019, 1971 sq ft) are exactly the four homes at the permit address; neighbors 2237/2241/2243 are other buildings."
100751055,no_match,TRUE,"hand check, tasks/audits/construction_hand_checks/queue_first_pass.csv","Parent parcel: measured no-address PIN (land 9375, assessed 2019) covers both lots later split into 6422 and 6426 N Olympia (land ~4650 each, assessed 2020); adding double-counts."
100768523,add_homes,17301220490000/17301220510000,"hand check, tasks/audits/construction_hand_checks/queue_first_pass.csv","Measured 2253 W Coulter units 1 and 3 are PINs 0480/0500; no-address PINs 0490 (land 1411) and 0510 (end, land 1882) fill the run and match the 2241 building's land pattern, all built 2019/assessed 2020."
100800731,no_match,TRUE,"hand check, tasks/audits/construction_hand_checks/queue_first_pass.csv","Only candidate 12020 S Emerald has its own new-construction permit 100770416 (2018), which is not a member of this case."
100813594,no_match,TRUE,"hand check, tasks/audits/construction_hand_checks/queue_first_pass.csv","Parent parcel: measured no-address PIN (land 6250, assessed 2020) covers 5639 and 5641 Giddings, which were split out in 2021 (land ~3128 each); adding double-counts."
100926667,add_homes,17332080640000/17332080660000/17332080680000/17332080700000/17332080720000/17332080740000,"hand check, tasks/audits/construction_hand_checks/queue_first_pass.csv","Description lists 3212, 3214, 3216, 3218, 3220, 3224, 3226 S Shields; the six non-measured addresses are candidates built 2023/assessed 2024 like measured 3212."
100948644,add_homes,16364290310000/16364290340000/16364290350000/16364290360000,"hand check, tasks/audits/construction_hand_checks/queue_first_pass.csv","Measured units E/D are PINs 0320/0330; the 0310-0360 run forms one six-unit building (corner end land 2504, other end 1509, built 2023) like the neighboring 0370-0420 and 0430-0480 groups; 3638 A-F belong to permit 100948736."
100960931,no_match,TRUE,"hand check, tasks/audits/construction_hand_checks/queue_first_pass.csv","Permit covers 3844-3858 S King Dr but only candidates are three homes at 3853-3857 S Calumet Ave, a different street."
100636106,same_building,100693524,"hand check, tasks/audits/construction_hand_checks/queue_first_pass.csv",foundation phase of the 1140 N Wells tower permitted in full as 100693524
100120255,same_building,100080630,"hand check, tasks/audits/construction_hand_checks/queue_first_pass.csv",same 360 E South Water tower as foundation permit 100080630
100645761,replace_homes,13364070410000/13364070420000/13364070430000/13364070440000/13364070460000/13364070470000/13364070480000/13364070550000/13364070560000/13364070570000/13364070580000/13364070600000/13364070610000/13364070620000/13364070630000/13364070640000/13364070650000/13364070660000/13364070670000/13364070680000/13364070690000/13364070700000/13364070730000/13364070740000/13364070750000/13364070760000/13364070770000/13364070780000/13364070790000/13364070800000/13364070810000/13364070820000/13364070830000/13364070840000/13364070850000/13364070860000/13364070870000/13364070880000/13364070890000/13364070900000/13364070910000/13364070920000,"hand check, tasks/audits/construction_hand_checks/queue_first_pass.csv",the measured parcel is the site before it was split; the 42 homes of buildings 1 and 3-8 replace it (building 2 is permit 100645755)
