decision_group_id,source_project_ids,action,source_vintages,source_rows,final_project_id,retained_component_pins,excluded_component_pins,final_year,final_units,final_building_sqft,final_land_sqft,allow_far,allow_dupac,membership_source,year_source,units_source,building_source,land_source,evidence_ids,evidence_urls,confidence,decision_reason,unresolved_caveat,reviewer,review_date,status
commercial_components_001,commercial_13241160180000/commercial_13241160430000,merge_source_projects,2021/2024,47235/26670,commercial_13241160430000,13241160180000/13241160190000/13241160200000,13241160430000,2008,26,42056,12405,TRUE,TRUE,cross_vintage_identity_and_2008_predecessor_parcels,commercial_2024,commercial_2024_apartment_unit_sum,commercial_2024,commercial_2024_supported_by_predecessor_union,commercial_duplicate_review_001/city_building_893574,https://www.crexi.com/property-records/13241160430000-CHICAGO-IL-60618-4501/dbf4431ff3b973d2bfd696a40fc4c90d646cff0c,high,The 2024 PIN is the successor identity and the 2008 predecessor parcels recover the full project site,The City footprint year is 2010 while the later assessor and public record report 2008,codex_audit,2026-07-21,reviewed_evidence
commercial_components_002,commercial_14204030040000/commercial_14204030750000,merge_source_projects,2021/2024,40195/NA,commercial_14204030750000,14204030040000/14204030050000/14204030070000/14204030080000/14204030220000/14204030230000/14204030240000/14204030250000/14204030640000/14204030650000/14204030670000/14204030700000/14204030750000/14204030760000,,2018,148,400024,93015,TRUE,TRUE,official_PD1164_and_identical_permit_chains,commercial_2024,stable_148_unit_assessor_count,commercial_2021,official_PD1164_net_site_area,commercial_duplicate_review_005/PD1164,https://gisapps.chicago.gov/gisimages/zoning_pds/PD1164.pdf,high,The two source families are one 148-unit project and the official planned-development net site area replaces both inconsistent workbook land fields,,codex_audit,2026-07-21,reviewed_evidence
commercial_components_003,commercial_17102180140000/commercial_17102180170000,merge_source_projects,2021/2024,68956/43261,commercial_17102180170000,17102180170000,17102180140000,2018,279,511070,125594,TRUE,TRUE,cross_vintage_identity_and_same_city_footprint,commercial_2024,commercial_2024_apartment_unit_sum,commercial_2024,stable_source_site_area,commercial_duplicate_review_015/city_building_847031,https://www.enr.com/articles/50615-award-of-merit-residentialhospitality-one-bennett-park,high,The records are alternate source identities for the rental-apartment component of One Bennett Park,The project also contains condominiums which remain outside the apartment count,codex_audit,2026-07-21,reviewed_evidence
commercial_components_004,commercial_13203280120000,retain_source_row,2021,47038,commercial_13203280120000_building_a,13203280120000,13203280130000/13203280140000/13203280150000,2021,27,36390,16875,TRUE,TRUE,commercial_2021_building_row,commercial_2024_and_completion_evidence,final_permit_revision,commercial_2021,commercial_2021,permit_100828071/permit_100843653,,high,The 2024 48-unit rollup is replaced by the first separately measured building and its final 27-unit revision,,codex_audit,2026-07-21,reviewed_evidence
commercial_components_005,commercial_13203280120000,retain_source_row,2021,47039,commercial_13203280130000_building_b,13203280130000/13203280140000/13203280150000,13203280120000,2021,27,36390,15365,TRUE,TRUE,commercial_2021_building_row,commercial_2024_and_completion_evidence,final_permit_revision,commercial_2021,commercial_2021,permit_100828073/permit_100843655,,high,The 2024 48-unit rollup is replaced by the second separately measured building and its final 27-unit revision,,codex_audit,2026-07-21,reviewed_evidence
commercial_components_006,commercial_13362100010000,retain_source_row,2021,79715,commercial_13362100010000_north,13362100010000/13362100020000/13362100030000/13362100040000/13362100050000,13362100140000,2017,129,124316,16417,TRUE,TRUE,commercial_2021_building_row,commercial_2021,commercial_2021,commercial_2021,commercial_2021,commercial_manual_decision_mica/developer_MiCA,,high,The 216-unit 2024 MiCA rollup is disaggregated to the 129-unit north building measured in 2021,,codex_audit,2026-07-21,reviewed_evidence
commercial_components_007,commercial_13362100010000,retain_source_row,2021,79716,commercial_13362100140000_south,13362100140000,13362100010000/13362100020000/13362100030000/13362100040000/13362100050000,2017,87,81092,14414,TRUE,TRUE,commercial_2021_building_row,commercial_2021,commercial_2021,commercial_2021,commercial_2021,commercial_manual_decision_mica/developer_MiCA,,high,The 216-unit 2024 MiCA rollup is disaggregated to the 87-unit south building measured in 2021,,codex_audit,2026-07-21,reviewed_evidence
commercial_components_008,commercial_14301220270000,retain_source_row,2021,66582,commercial_14301220270000_building_a,14301220270000/14301220280000/14301220290000/14301220300000,14301220460000,2019,15,26556,3125,TRUE,TRUE,commercial_2021_building_row,commercial_2021,issued_address_specific_permit,commercial_2021,commercial_2021,commercial_manual_decision_006,,high,The later 30-unit entity is disaggregated to the first separately permitted 15-unit Clybourn building,,codex_audit,2026-07-21,reviewed_evidence
commercial_components_009,commercial_14301220270000,retain_source_row,2021,66583,commercial_14301220460000_building_b,14301220460000,14301220270000/14301220280000/14301220290000/14301220300000,2019,15,26556,15625,TRUE,TRUE,commercial_2021_building_row,commercial_2021,issued_address_specific_permit,commercial_2021,commercial_2021,commercial_manual_decision_006,,high,The later 30-unit entity is disaggregated to the second separately permitted 15-unit Clybourn building,,codex_audit,2026-07-21,reviewed_evidence
commercial_components_010,commercial_17074290130000,retain_source_row,2021,81075,commercial_17074290130000_building_a,17074290130000/17074290140000/17074290150000/17074290260000,17074290160000/17074290170000,2008,12,13203,11235,TRUE,TRUE,commercial_2021_building_row,commercial_2021,commercial_2021,commercial_2021,commercial_2021,commercial_manual_decision_014,,high,The 2024 27-unit rollup is replaced by the separately measured 12-unit Warren building,,codex_audit,2026-07-21,reviewed_evidence
commercial_components_011,commercial_17074290130000,retain_source_row,2021,81076,commercial_17074290160000_building_b,17074290160000/17074290170000,17074290130000/17074290140000/17074290150000/17074290260000,2008,16,23000,7832,TRUE,TRUE,commercial_2021_building_row,commercial_2021,commercial_2021,commercial_2021,commercial_2021,commercial_manual_decision_014,,high,The 2024 27-unit rollup is replaced by the separately measured 16-unit Warren building,The disaggregated source totals 28 rather than the later rollup count of 27,codex_audit,2026-07-21,reviewed_evidence
commercial_components_012,commercial_17164010220000,retain_source_row,2021,74667,commercial_17164010220000_tower_a,17164010220000,17164010230000,2020,176,175540,21366,TRUE,TRUE,commercial_2021_tower_row,commercial_2021,commercial_2021,commercial_2021,commercial_2021,commercial_manual_decision_016,,high,The 2024 rollup is replaced by the first separately measured 176-unit Wells Street tower,,codex_audit,2026-07-21,reviewed_evidence
commercial_components_013,commercial_17164010220000,retain_source_row,2021,74668,commercial_17164010230000_tower_b,17164010230000,17164010220000,2019,176,185094,21337,TRUE,TRUE,commercial_2021_tower_row,commercial_2021,commercial_2021,commercial_2021,commercial_2021,commercial_manual_decision_016,,high,The 2024 rollup is replaced by the second separately measured 176-unit Wells Street tower,,codex_audit,2026-07-21,reviewed_evidence
commercial_components_014,commercial_14294190080000,split_to_source_rows,2021,64746/64837,,14294190080000/14294190090000,,2017,,,,TRUE,TRUE,commercial_2021_building_rows,commercial_2021,commercial_2021,commercial_2021,commercial_2021,commercial_manual_decision_040,,high,The later 16-unit entity is replaced by two separately measured eight-unit Altgeld buildings,,codex_audit,2026-07-21,reviewed_evidence
commercial_components_015,commercial_17344170280000,split_to_source_rows,2021,74597/74600/74601/74602/74603/74634/74635/74636/74637/74638/74639/74642/74643/74644,,,,,,,,TRUE,TRUE,commercial_2021_building_rows,commercial_2021,commercial_2021,commercial_2021,commercial_2021,commercial_manual_decision_020/address_specific_permits,,high,The later Oakwood Shores entities are rollups and are replaced by fourteen separately measured 2021 building rows,,codex_audit,2026-07-21,reviewed_evidence
commercial_components_016,commercial_17344190130000,split_to_source_rows,2021,74598/74599/74605/74606/74607/74608/74609/74610/74611/74612/74613/74615/74616/74617/74618/74619/74622/74623/74624/74649/74650/74651,,,,,,,,TRUE,TRUE,commercial_2021_building_rows,commercial_2021,commercial_2021,commercial_2021,commercial_2021,commercial_post_evidence/address_specific_permits,,high,The 162-unit Oakwood Shores rollup repeats only one component building area and is replaced by twenty-two separately measured 2021 building rows,The 2021 building counts sum to 159 units rather than the later 162-unit rollup,codex_audit,2026-07-21,reviewed_evidence
commercial_components_017,commercial_17344270230000,split_to_source_rows,2021,74627/74628/74629/74630/74631/74632/74633,,,,,,,,TRUE,TRUE,commercial_2021_building_rows,commercial_2021,commercial_2021,commercial_2021,commercial_2021,commercial_manual_decision_021/address_specific_permits,,high,The 76-unit Oakwood Shores rollup is replaced by seven separately measured 2021 building rows,,codex_audit,2026-07-21,reviewed_evidence
commercial_components_018,commercial_14294161030000,exclude_commercial_defer_residential,2024,39818,,,,,,,,FALSE,FALSE,residential_building_records,,,,,commercial_post_evidence/residential_tieback_records,,high,The nine-unit commercial rollup combines two separate residential buildings that are retained from the residential source,,codex_audit,2026-07-21,reviewed_evidence
commercial_components_019,commercial_13363150560000,exclude_commercial_defer_residential,2021,79751,,,,,,,,FALSE,FALSE,residential_building_record,,,,,permit_100664571/residential_record_13363150560000,,high,The commercial row reports twelve units while the address-specific permit and residential record identify a separate six-unit building,,codex_audit,2026-07-21,reviewed_evidence
commercial_components_020,commercial_13363150590000,exclude_commercial_defer_residential,2021,79752,,,,,,,,FALSE,FALSE,residential_building_record,,,,,permit_100664569/residential_record_13363150590000,,high,The commercial row reports twelve units while the address-specific permit and residential record identify a separate six-unit building,,codex_audit,2026-07-21,reviewed_evidence
commercial_components_021,commercial_17193010330000,exclude_commercial_defer_residential,2024,61087,,,,,,,,FALSE,FALSE,residential_building_record,,,,,permit_100760980/residential_record_17193010340000,,high,The commercial entity combines an old structure with a new residential building; the corrected three-unit residential building is retained separately,,codex_audit,2026-07-21,reviewed_evidence
commercial_components_022,commercial_13312050180000,retain_component_subset,2024,27060,commercial_13312050180000,13312050180000,13315000020000,2020,39,48612,16031,TRUE,TRUE,official_key_PIN_and_project_record,commercial_2024,commercial_2024,commercial_2024,official_key_PIN_land_area,commercial_post_evidence/CCAO_key_PIN,,high,The industrial component PIN is excluded and the 39-unit six-building Natchez site is measured on its residential key PIN,,codex_audit,2026-07-21,reviewed_evidence
commercial_components_023,commercial_20163250190000,exclude_not_new_construction,2024,32069,,,,,,,,FALSE,FALSE,city_building_and_residential_history,,,,,permit_100262796/city_building_history,,high,The 277-unit source row is an older institutional campus and the permit covers only one later eight-unit building,,codex_audit,2026-07-21,reviewed_evidence
commercial_components_024,commercial_17041120710000,retain_site_aggregate,2024,42874,commercial_17041120710000,17041120710000,,2022,48,48834,23901,TRUE,TRUE,commercial_2024_and_three_address_specific_permits,commercial_2024,three_16_unit_permits,commercial_2024,commercial_2024,permits_100891575/100891579/100891583,,high,Schiller Place is retained as one 48-unit site aggregate because the three same-phase buildings share one assessed physical record,,codex_audit,2026-07-21,reviewed_evidence
commercial_components_025,commercial_17334070618002,retain_site_aggregate,2024,45934,commercial_17334070618002,17334070618002/17334070628002/17334270048002,,2022,80,105450,46225,TRUE,TRUE,commercial_2024_and_PD897_site_plan,commercial_2024,commercial_2024,commercial_2024,commercial_2024_supported_by_PD897,PD897,https://gisapps.chicago.gov/gisimages/zoning_pds/PD897.pdf,high,Park Boulevard Phase 3B is a same-phase two-building project and the source site area matches the official plan,The predecessor polygon union covers a broader planned-development area,codex_audit,2026-07-21,reviewed_evidence
commercial_components_026,commercial_17074160420000,retain_site_aggregate,2024,60833,commercial_17074160420000,17074160420000,,2010,68,100336,73436,TRUE,TRUE,commercial_2024_site_aggregate,official_phase_completion,commercial_2024,commercial_2024,commercial_2024,commercial_2024/official_phase_records,https://www.hud.gov/sites/documents/chicago_fy12_rpt.pdf;https://oldwebsite.lbba.com/work/westhaven-park/,high,The assessor record is a coherent same-phase aggregate of multiple Westhaven Park Phase IIC buildings completed in 2009 and 2010,The permit match covers only one building within the retained site aggregate,codex_audit,2026-07-21,reviewed_evidence
commercial_components_027,commercial_17074170400000,retain_site_aggregate,2024,60834,commercial_17074170400000,17074170400000,,2008,14,9450,22290,TRUE,TRUE,commercial_2024_and_address_specific_permits,completion_evidence,commercial_2024,commercial_2024,commercial_2024,commercial_post_evidence,,high,The site contains same-episode eight-unit and six-unit buildings that share one assessed physical record,,codex_audit,2026-07-21,reviewed_evidence
commercial_components_028,commercial_20151060280000,retain_site_aggregate,2024,15117,commercial_20151060280000,20151060280000/20151060290000,,2007,54,70376,24724,TRUE,TRUE,commercial_2024_and_two_address_specific_permits,commercial_2024,commercial_2024,commercial_2024,construction_year_parcel_union,commercial_post_evidence,,high,The source aggregates two adjacent 27-unit buildings completed in one episode and no building-level assessor areas are available,,codex_audit,2026-07-21,reviewed_evidence
commercial_components_029,commercial_17153000140000,exclude_not_new_construction,2024,45763,,,,,,,,FALSE,FALSE,city_building_and_housing_history,,,,,commercial_post_evidence/CHA_records,,high,The Wabash housing complex predates 2006 and is not a study-period ground-up project,,codex_audit,2026-07-21,reviewed_evidence
commercial_components_030,commercial_19232000170000,exclude_not_new_construction,2021,52648,,,,,,,,FALSE,FALSE,permit_work_description,,,,,permit_100801989,,high,The permit adds domestic-violence housing to an existing facility rather than constructing a conventional ground-up residential project,,codex_audit,2026-07-21,reviewed_evidence
commercial_components_031,commercial_13361030360000,retain_corrected_membership,2021/2024,79682/59351,commercial_13361030360000,13361030360000/13361030370000/13361030380000/13361030390000/13361030400000/13361030410000/13361030420000/13361030430000/13361030440000,,2018,138,131338,30166,TRUE,TRUE,commercial_vintages_and_construction_year_parcel_union,project_completion_record,stable_commercial_2021_2024,stable_commercial_2021_2024,construction_year_parcel_union,permit_100674376/Noca_Blu_completion,https://workwithfocus.com/portfolio/2340-california/,high,The added 2024 component belongs to the same Noca Blu building and the 2018 completion record corrects the reassessment year,,codex_audit,2026-07-21,reviewed_evidence
commercial_components_032,commercial_16013050010000,retain_corrected_membership,2021/2024,79885/59574,commercial_16013050010000,16013050010000/16013050020000/16013050030000/16013050040000/16013050050000/16013050060000/16013050070000/16013050080000/16013050090000,,2015,49,63612,37737,TRUE,TRUE,commercial_2024_components_and_construction_year_parcel_union,permit_100583280_and_commercial_2024,permit_100583280_and_commercial_2024,stable_commercial_building_area,construction_year_parcel_union,permit_100583280/100603885,,high,The expanded component set is one completed 49-unit project and its parcel union agrees with the latest assessor site area,,codex_audit,2026-07-21,reviewed_evidence
commercial_components_033,commercial_16022280210000,retain_corrected_membership,2021/2024,83620/59658,commercial_16022280210000,16022280200000/16022280210000/16022280220000/16022280230000,,2006,9,16131,12401,TRUE,TRUE,commercial_2024_components_and_city_building_footprint,commercial_2024_and_city_building_year,stable_commercial_unit_count,commercial_2024,construction_year_parcel_union,city_building_864011/commercial_2021_2024,,high,The four current components form one 2006 nine-unit project and the City footprint independently supports the construction year,The 2021 source reports a larger building area; the latest assessor area is retained,codex_audit,2026-07-21,reviewed_evidence
commercial_components_034,commercial_17042120010000,retain_corrected_membership,2021/2024,68947/43119,commercial_17042120010000,17042120010000/17042120020000/17042120030000/17042120040000/17042120050000/17042120380000/17042120460000,,2020,105,99503,16235,TRUE,TRUE,commercial_vintages_permits_and_construction_year_parcel_union,project_completion_record,stable_commercial_2021_2024,stable_commercial_2021_2024,construction_year_parcel_union,permit_100782618/Than_Tower_completion,https://www.hotspotrentals.com/old-town-meets-modern-introducing-than-tower-apartments/,high,The added component belongs to the same Than Tower project and the opening record establishes completion in 2020,,codex_audit,2026-07-21,reviewed_evidence
commercial_components_035,commercial_17164050110000,retain_construction_year_membership,2021/2024,74672/45793,commercial_17164050110000,17164050110000/17164050400000/17164050420000,17164050990000,2020,349,458272,30705,TRUE,TRUE,commercial_2021_components_and_2020_parcel_polygons,commercial_2021_2024_and_project_completion,stable_commercial_2021_2024,stable_commercial_2021_2024,construction_year_union_of_2021_components,permit_100772360/Imprint_project_records,https://www.skyscrapercenter.com/building/imprint/33878,high,The 2021 component set matches the construction-year site while the 2024 successor PIN resolves to only part of that site,,codex_audit,2026-07-21,reviewed_evidence
commercial_components_036,commercial_17221060620000,retain_corrected_membership,2021/2024,74456/45814,commercial_17221060620000,17221030440000/17221030450000/17221030480000/17221060620000/17221060670000,,2008,278,367574,40733,TRUE,TRUE,commercial_2024_components_and_construction_year_parcel_union,commercial_2024_and_project_record,stable_commercial_2021_2024,stable_commercial_2021_2024,construction_year_parcel_union,1401_S_State_project_record,https://www.apartments.com/1401-s-state-chicago-il/4nfye8j/,high,The expanded component set is one 278-unit tower and the parcel union agrees with the latest assessor site area,,codex_audit,2026-07-21,reviewed_evidence
commercial_components_037,commercial_19024290170000,retain_corrected_membership,2021/2024,52494/31598,commercial_19024290170000,19024290170000/19024290180000/19024290190000/19024290200000/19024290210000,,2019,30,37470,15510,TRUE,TRUE,commercial_2024_components_permit_and_construction_year_parcel_union,permit_100627244_and_commercial_2024,permit_100627244_and_commercial_2024,stable_commercial_2021_2024,construction_year_parcel_union,permit_100627244,,high,The expanded component set belongs to the completed 30-unit project and its parcel union agrees with the latest assessor site area,,codex_audit,2026-07-21,reviewed_evidence
commercial_components_038,commercial_11293000160000,retain_corrected_membership,2021/2024,70879/44400,commercial_11293000160000,11293000160000/11293000170000/11293000180000/11293000190000,,2020,38,34385,14914,TRUE,TRUE,commercial_2024_components_and_construction_year_parcel_union,commercial_2021_and_project_market_record,stable_commercial_2021_2024,commercial_2024,construction_year_parcel_union,permit_100702395/Elevation_Lofts_market_record,https://citypoint.com/wp-content/uploads/2024/09/Market-Report.pdf,high,The added component completes the 38-unit Elevation Lofts site and the 2020 completion record supersedes the permit-year recode,,codex_audit,2026-07-21,reviewed_evidence
commercial_components_039,commercial_14294190580000,retain_construction_year_membership,2021/2024,66560/40030,commercial_14294190580000,14294190580000/14294190650000,14294190610000,2018,191,268310,46136,TRUE,TRUE,commercial_2021_components_and_project_offering,project_offering,commercial_2024_and_project_offering,commercial_2021,commercial_2021_supported_by_construction_year_parcels,permit_100668624/Elevate_Lincoln_Park_offering,https://res.cloudinary.com/jll-global-cmg/image/upload/v1628777836/IC/Img/Original/ehlw3sbwvd2bfqidrksw.pdf,high,The 2021 component set describes the completed Elevate Lincoln Park building while the later added PIN expands the assessed site beyond the construction project,The assessor gross building area exceeds the offering's rentable residential and retail area because the measures differ,codex_audit,2026-07-21,reviewed_evidence
commercial_components_040,commercial_17092610280000,retain_corrected_membership,2021/2024,68872/43240,commercial_17092610280000,17092610280000/17092610290000,,2013,409,566698,35163,TRUE,TRUE,commercial_2024_components_and_construction_year_parcel_union,city_building_893575,commercial_2024_and_city_building_893575,stable_commercial_2021_2024,construction_year_parcel_union,permits_100414910/100420097/city_building_893575,,high,The two component parcels contain the AMLI River North tower and its completed 409-unit record and the City footprint establishes 2013 completion,,codex_audit,2026-07-21,reviewed_evidence
commercial_components_041,commercial_17164110150000,retain_construction_year_membership,2021/2024,74440/45797,commercial_17164110150000,17164110150000,17164110160000,2008,440,496992,81240,TRUE,TRUE,commercial_2021_component_and_project_site,commercial_2024_and_city_building_886064,commercial_2024,stable_commercial_2021_2024,commercial_2021_project_site,permits_100146629/100157087/city_building_886064,,high,The added 2024 component is not part of the original AMLI 900 building site; the earlier source preserves the completed project footprint while the latest assessor supplies the completed unit count,,codex_audit,2026-07-21,reviewed_evidence
commercial_components_042,commercial_17164160140000,retain_construction_year_membership,2021/2024,74443/45800,commercial_17164160140000,17164160140000/17164160160000,17164160250000,2010,342,542503,338806,TRUE,TRUE,commercial_2021_components_and_construction_year_parcel_union,contemporaneous_completion_record,stable_commercial_2021_2024,stable_commercial_2021_2024,construction_year_parcel_union,Roosevelt_Collection_completion,https://yochicago.com/lofts-at-roosevelt-collection-95-percent-leased-85-percent-occupied/,high,The 2021 component set represents the original Roosevelt Collection residential project and contemporaneous reporting places completion in 2010,,codex_audit,2026-07-21,reviewed_evidence
commercial_components_043,commercial_17274000070000,exclude_not_new_construction,2021/2024,74480/45842,,,,,,,,FALSE,FALSE,project_history,,,,,Prairie_Shores_project_history,https://platform.reverecre.com/api/project-file/476dd394-10ef-4702-8bd6-e93a3e9457b7/Prairie%20Shores%20Flyer%202023.pdf,high,The 2024 construction year is a reassessment recode of the five-tower Prairie Shores complex built from 1957 through 1961,,codex_audit,2026-07-21,reviewed_evidence
commercial_components_044,commercial_20031210430000,retain_corrected_membership,2021/2024,25375/15067,commercial_20031210430000,20031210310000/20031210430000,,2010,8,13280,32083,TRUE,TRUE,commercial_2024_components_and_construction_year_parcel_union,commercial_2024,stable_commercial_2021_2024,stable_commercial_2021_2024,construction_year_parcel_union,permit_100214541/city_building_889090,,high,The two component parcels contain the completed eight-unit Prairie Avenue townhouse building and recover its full site area,,codex_audit,2026-07-21,reviewed_evidence
commercial_components_045,commercial_20042140440000,split_to_source_rows,2021,52759/53717,,,,,,,,TRUE,TRUE,commercial_2021_building_rows,commercial_2021,commercial_2021,commercial_2021,commercial_2021,Park_Boulevard_source_rows/address_specific_permits,,high,The 2024 183-unit Park Boulevard rollup repeats only the larger component's building area and is replaced by the separately measured 16-unit building and 167-unit site record from 2021,The 167-unit source row remains a same-phase multi-building site aggregate because building-level gross areas are unavailable,codex_audit,2026-07-21,reviewed_evidence
commercial_components_046,commercial_20153020180000,retain_corrected_membership,2021/2024,25316/15937,commercial_20153020180000,20153020160000/20153020170000/20153020180000,,2009,19,14652,33915,TRUE,TRUE,commercial_2024_components_and_construction_year_parcel_union,commercial_2024_and_permit_issue_year,permit_100185763_and_commercial_2024,stable_commercial_2021_2024,construction_year_parcel_union,permit_100185763,,high,The three parcels contain the completed 19-unit building authorized and issued at 120 E 60th Street; the earlier 11-unit row covered only one component parcel,,codex_audit,2026-07-21,reviewed_evidence
commercial_components_047,commercial_20153130010000,exclude_outside_period,2021/2024,25403/15953,,,,,,,,FALSE,FALSE,preperiod_property_history,,,,,commercial_2021_2024/property_history,https://www.zillow.com/homedetails/6101-S-Wabash-Ave-Chicago-IL-60637/80840954_zpid/,medium,The 2024 row combines two matching six-unit buildings but public property history dates the key building to 2004 and places residents at the address before the study period,No issued new-construction permit or authoritative completion record was recovered,codex_audit,2026-07-21,reviewed_evidence
