source_project_id,disposition,final_project_ids,decision_reason,evidence_ids,confidence
residential_tieback_16231160090000,exclude_source_duplicate_keep_successors,,"The obsolete tieback lineage contains two card signatures that reappear as individually retained Springfield successor buildings; retaining the master row would duplicate them.",assessor_cards_1623116009_1623116010_1623116045/current_pins_1623116044_1623116046_1623116047_1623116048,high
residential_tieback_20101040190000,replace_with_site_project,residential_adjudicated_calumet_2014,"Three contiguous assessor cards and three completed permits form one coordinated 12-unit development; the site project counts each parcel once.",permits_100506657_100506658_100506660/assessor_cards_2010104019_2010104020_2010104021,high
residential_297_group_17104000490000,merge_into_site_project,residential_adjudicated_harbor_2021,"Both class-297 source rows describe the same 211 N Harbor tower and the same permit chain.",permits_100821394_100918242/condo_base_1710400050,high
residential_297_group_17104000540000,merge_into_site_project,residential_adjudicated_harbor_2021,"Both class-297 source rows describe the same 211 N Harbor tower and the same permit chain.",permits_100821394_100918242/condo_base_1710400050,high
residential_tieback_13124110110000,exclude_source_duplicate_keep_successors,,"The old Lincoln master-site cards have been divided into separately retained successor buildings and tieback buildings; retaining the source rollup would duplicate them.",current_successors_1312411102_1312411125,high
residential_tieback_13362320330000,replace_with_building,residential_adjudicated_california_2018,"The completed six-unit permit and the stable successor assessor record identify one new building at 1716 N California; older lineage members are not new construction.",permit_100740325/current_pin_13363230340000,high
residential_tieback_13364220230000,replace_with_site_project,residential_adjudicated_campbell_2006,"Two four-unit townhouse permits and eight successor townhouse PINs identify one coordinated development on a site with common land.",permits_100085992_100085993/current_pins_1336422050_1336422058,high
residential_tieback_14193070150000,exclude_not_new_construction,,"The relevant permit is an addition, walkway, and garage to an existing single-family residence rather than a ground-up residential project.",permit_100503607_review_bundle_1419307015,high
residential_tieback_19074280010000,exclude_source_duplicate_keep_successors,,"Two completed Nashville permits are already represented by the separately retained successor houses on PINs 1907428048 and 1907428049.",permits_100405266_100412191/current_pins_1907428048_1907428049,high
residential_multicard_13233050130000,exclude_source_duplicate_keep_successors,,"Three completed Eddy permits and three construction-year successor parcels are already retained as separate houses.",permits_100887196_100887222_100887251/current_pins_1323305034_1323305036,high
residential_multicard_13252030440000,exclude_source_duplicate_keep_successors,,"The Fletcher master parcel was divided into separately retained townhouse and house PINs whose assessor years and fields carry the physical buildings.",current_successors_1325203046_1325203065,high
residential_multicard_14301180100000,exclude_source_duplicate_keep_successors,,"The Bell master cards correspond to eleven separately retained 2006 and 2008 successor houses; later Wolfram houses are also retained separately.",current_successors_1430118036_1430118076,high
residential_multicard_16362010710000,exclude_source_duplicate_keep_successors,,"The 32nd Place and Bross master-site episodes were divided into separately retained successor townhouses; retaining the old aggregate would duplicate the development.",historical_parcel_1636201009/current_successors_1636201037_1636201108,high
residential_multicard_17223090140000,merge_into_site_project,residential_adjudicated_cullerton_prairie_2017,"The permit explicitly identifies this four-unit building as one part of a single 12-unit townhouse project.",permits_100669470_100684888,high
residential_multicard_17223090150000,merge_into_site_project,residential_adjudicated_cullerton_prairie_2017,"The permit explicitly identifies this four-unit building as one part of a single 12-unit townhouse project.",permits_100669471_100684890,high
residential_multicard_17223090330000,merge_into_site_project,residential_adjudicated_cullerton_prairie_2017,"The permit explicitly identifies this four-unit building as one part of a single 12-unit townhouse project.",permits_100669467_100684885,high
residential_multicard_17293090540000,exclude_source_duplicate_keep_successors,,"The Broad and Pitney master-site cards are superseded by separately retained successor houses and townhouses with parcel-specific fields.",historical_parcel_1729309036/current_successors_1729309055_1729309067,high
residential_multicard_17293090680000,exclude_source_duplicate_keep_successors,,"The second Broad/Pitney master-site record overlaps the same separately retained successor development and cannot be retained without duplication.",historical_parcels_1729309036_1729309054/current_successors_1729309055_1729309067,high
residential_multicard_17294220330000,exclude_source_duplicate_keep_successors,,"Four completed 31st Street permits are already represented by four separately retained successor houses.",permits_100813014_100813015_100876787_100876788/current_pins_1729422083_1729422086,high
residential_multicard_20034000310000,replace_with_building,residential_adjudicated_vernon_2019,"The 2019 permit and first complete assessor episode identify one five-unit townhouse building; later card changes do not create new projects.",permit_100802189/assessor_episode_2003400031_2019,high
residential_tieback_09364180070000,exclude_outside_period,,"No supported construction year falls in 2006-2022.",residential_unresolved_scope_evidence,high
residential_tieback_13074180110000,exclude_outside_period,,"No supported construction year falls in 2006-2022.",residential_unresolved_scope_evidence,high
residential_tieback_13074180130000,exclude_outside_period,,"No supported construction year falls in 2006-2022.",residential_unresolved_scope_evidence,high
residential_tieback_13094160070000,exclude_outside_period,,"No supported construction year falls in 2006-2022.",residential_unresolved_scope_evidence,high
residential_tieback_14333010310000,exclude_outside_period,,"No supported construction year falls in 2006-2022.",residential_unresolved_scope_evidence,high
residential_tieback_16131150420000,exclude_outside_period,,"No supported construction year falls in 2006-2022.",residential_unresolved_scope_evidence,high
residential_tieback_17041210510000,exclude_outside_period,,"No supported construction year falls in 2006-2022.",residential_unresolved_scope_evidence,high
residential_tieback_17071180110000,exclude_outside_period,,"No supported construction year falls in 2006-2022.",residential_unresolved_scope_evidence,high
residential_tieback_17221060380000,exclude_outside_period,,"No supported construction year falls in 2006-2022.",residential_unresolved_scope_evidence,high
residential_tieback_17321090010000,exclude_outside_period,,"No supported construction year falls in 2006-2022.",residential_unresolved_scope_evidence,high
residential_tieback_17331220760000,exclude_outside_period,,"No supported construction year falls in 2006-2022.",residential_unresolved_scope_evidence,high
residential_tieback_19083020700000,exclude_outside_period,,"No supported construction year falls in 2006-2022.",residential_unresolved_scope_evidence,high
residential_tieback_20111080290000,exclude_outside_period,,"No supported construction year falls in 2006-2022.",residential_unresolved_scope_evidence,high
residential_tieback_20212050090000,exclude_outside_period,,"No supported construction year falls in 2006-2022.",residential_unresolved_scope_evidence,high
residential_tieback_20212080170000,exclude_outside_period,,"No supported construction year falls in 2006-2022.",residential_unresolved_scope_evidence,high
residential_tieback_20212090250000,exclude_outside_period,,"No supported construction year falls in 2006-2022.",residential_unresolved_scope_evidence,high
residential_tieback_24232030360000,exclude_outside_period,,"No supported construction year falls in 2006-2022.",residential_unresolved_scope_evidence,high
residential_multicard_13362280330000,replace_with_building,residential_adjudicated_armitage_2008,"Later assessor reports consistently correct the construction year to 2008 while preserving the three-unit building fields.",assessor_rows_1336228033_2022_2026/permit_100100122,high
residential_multicard_17044240600000,replace_with_building,residential_adjudicated_dearborn_2007,"The stable card reports one 2007 building; the transient 2010 year and duplicated 2021 card do not persist.",assessor_rows_1704424060_2008_2026/address_1011_dearborn,high
residential_multicard_24132240320000,replace_with_building,residential_adjudicated_western_2007,"The stable later assessor record and permit identify one mixed-use building with three dwellings; an early four-unit report does not persist.",permit_100106040/assessor_rows_2413224032_2016_2026,high
residential_tieback_14283040840000,replace_with_building,residential_adjudicated_geneva_2007,"The 2007 assessor building predates a documented 2013 addition; the 2014 new-construction permit is for accessory storage, not a residence.",permits_100488318_100538073/assessor_rows_1428304084_2008_2014,high
residential_tieback_14324160450000,replace_with_two_buildings,residential_adjudicated_maud_1858_2017/residential_adjudicated_maud_1860_2017,"Two cancelled 2014 permits were replaced by two completed 2017 single-family permits and stable successor assessor buildings.",permits_100681310_100690208/current_pins_1432416045_1432416046,high
residential_tieback_17344230080000,replace_with_site_project,residential_adjudicated_38th_2006,"Two same-year assessor cards describe two houses on one tieback site; one card spans both successor parcels and the lot cannot be divided by building without reusing land.",assessor_cards_1734423008_card1_card3/current_pins_1734423008_1734423021,high
residential_tieback_20213050090000,replace_with_site_project,residential_adjudicated_marquette_2008,"Four same-year three-unit permits and four assessor cards identify one coordinated development on three parcels; the site project counts each construction-year parcel once.",permits_100210270_100211237_100211244_100210380/assessor_cards_2021305009_2021305025,high
