project_id,review_status,project_exists,new_construction,construction_year_status,reviewed_construction_year,confidence,evidence_type,evidence_ids,evidence_url,notes,reviewed_dwelling_units,reviewed_building_sqft,reviewed_land_sqft,field_notes,reviewed_multifamily
residential_16043260140000,exclude,yes,no,not_applicable,,high,preperiod_sale_and_persistent_footprint,,https://www.redfin.com/IL/Chicago/5510-W-Chicago-Ave-60651/home/18951857,"The property sold as an improved site in 2005, before the sample, and the 2008 footprint records an older structure. No new-building permit or physical replacement supports the Assessor's later construction designation.",,,,,
residential_17071120240000,exclude,yes,no,not_applicable,,high,preperiod_sale_and_persistent_footprint,,https://www.redfin.com/IL/Chicago/2001-W-Huron-St-60612/home/14104194,"The property sold for $687,500 in 2003 and the official snapshots preserve an older footprint. The Assessor's 2006 year does not identify a new sample-period building.",,,,,
residential_13334050100000,exclude,yes,no,not_applicable,,high,city_permit,100165734,,The 2007 permit deconverts a factory and apartment to a warehouse and extends the second floor; it is not a new residential building.,,,,,
residential_20032100060000,exclude,yes,yes,corrected,2005,medium,mls_public_record,,https://www.compass.com/homedetails/4017-S-Vincennes-Ave-Chicago-IL-60653/1XBIAK_pid/,"The building is reported as built in 2005, before the analysis period; the Assessor selected 2007.",,,,,
residential_13024330230000,exclude,yes,no,not_applicable,,high,city_permit_and_historical_use,,,"Later permits describe an existing restaurant/commercial building, and the 2008 footprint reports 1970; the Assessor's 2008 new-construction designation is not credible.",,,,,
residential_16012130080000,exclude,yes,no,not_applicable,,high,preperiod_mls_record_and_persistent_footprint,,https://www.redfin.com/IL/Chicago/1439-N-Maplewood-Ave-60622/home/26830462,"The MLS record identifies the building as dating to 1995, and it sold for $656,000 in June 2006. The persistent older footprint and preperiod transaction outweigh the conflicting 2008 public-record year.",,,,,
residential_25173040090000,retain,yes,yes,confirmed,2008,medium,exact_pin_property_record,,https://www.crexi.com/property-records/25173040090000-CHICAGO-IL-60643/a22dbd0e18015f49f122c8a3d0c4da84824ce586,The exact PIN is consistently reported as a three-unit 2008 building with matching area fields; no contradictory permit was found.,,,,,
residential_16013130540000,exclude,yes,no,not_applicable,,high,city_permit,,,"The permit describes converting an existing three-unit building to four units, not constructing a new building.",,,,,
residential_14292010550000,retain,yes,yes,confirmed,2010,medium,city_permit_and_demolition,100229609,,"A site-specific permit describes a new mixed-use residential building and a demolition permit is present; the construction permit is marked expired, so 2010 remains based on the completed building and Assessor history.",,,,,
commercial_17064080140000,retain,yes,yes,corrected,2013,high,city_permits,100443295/100464542,https://www.forrent.com/il/chicago/1611-w-division/6mht01r,"Foundation and full-building permits were issued in 2012 and 2013 for the 99-unit building; the completed property is reported as built in 2013, not 2011.",,,,,
commercial_20032050390000,exclude,yes,no,not_applicable,,high,official_housing_records_and_existing_footprints,,https://www.loopnet.com/Listing/400-E-41st-St-Chicago-IL/4706984/,The PIN is part of the older Paul G. Stewart complex. Permit and footprint evidence do not support a separate 48-unit new building in 2011; commercial property sites appear to repeat the Assessor record.,,,,,
residential_14314280550000,retain,yes,yes,confirmed,2011,medium,exact_pin_property_record,,,The exact PIN and physical fields consistently identify a five-unit 2011 building; no contradictory permit was found.,,,,,
residential_17053000290000,retain,yes,yes,confirmed,2011,medium,demolition_and_assessor_history,,,"A 2010 demolition permit precedes the Assessor's first report of the six-unit building in 2012, supporting replacement construction around 2011.",,,,,
residential_17072080510000,retain,yes,yes,corrected,2014,medium,city_permit_and_property_record,100507436,,A permit applied for in 2013 describes the six-unit new building and property records report 2014; the Assessor's 2011 year predates the permit.,,,,,
residential_tieback_17072080250000,retain,yes,yes,corrected,2014,medium,city_permit_and_property_record,100507475,,A permit applied for in 2013 describes the six-unit new building and property records report 2014; the Assessor's 2011 year predates the permit.,,,,,
residential_16262000140000,retain,yes,yes,confirmed,2012,medium,city_permits,100199081/100433768,,The original new-building permit was issued in 2007 and reinstated in 2012; the Assessor begins reporting the completed building as 2011 and later revises it to 2012.,,,,,
residential_17072120520000,retain,yes,yes,corrected,2014,medium,city_permit_and_property_record,100507392,,A permit applied for in 2013 describes the six-unit new building and property records report 2014; the Assessor's 2012 year predates the permit.,,,,,
residential_25173040490000,retain,yes,yes,corrected,2009,medium,city_permit_and_property_record,100182858,,The 2007 permit identifies the four-unit new building and property records report completion around 2009; the Assessor's 2013 year is too late.,,,,,
commercial_14194140460000,retain,yes,yes,corrected,2015,high,city_permit_and_city_housing_report,100603054,https://www.chicagorehab.org/content/cms/documents/2015_Q2_AHP5_report.pdf,"The project is 3400 N Lincoln, not the historical 1728 W Roscoe parcel address. The new-building permit and City housing report place construction in 2015; the permit revision reduced the planned unit count from 48 to 47.",47,,,The City report supplies the completed unit count; other physical fields remain from the Assessor.,
residential_13254270240000,retain,yes,yes,corrected,2016,medium,exact_pin_property_record,,,The completed building is consistently reported as built in 2016; the Assessor's selected 2015 year is one year early.,,,,,
commercial_14303020298002,retain,yes,yes,confirmed,2017,high,developer_and_project_record,,https://www.taylorjohnson.com/tj-news/related-midwest-heartland-housing-bickerdike-redevelopment-corporation-and-chicago-housing-authority-celebrate-the-grand-opening-of-lathrop-residences-riverwalk-and-park-in-chicago/,"Project records identify a new six-story 59-unit building, with construction beginning in 2017.",,,,,
residential_17041100730000,retain,yes,yes,confirmed,2018,medium,exact_pin_property_record,,,The exact PIN consistently identifies a three-unit building completed in 2018/2019 with matching physical fields.,,,,,
residential_14081010440000,exclude,yes,no,not_applicable,,high,city_permit_historical_record_and_persistent_footprint,,https://www.zillow.com/homedetails/5531-N-Clark-St-Chicago-IL-60640/80808809_zpid/,The site contains an older building and later permits describe work on an existing structure. The 2019 Assessor row reflects a parcel/record change rather than a new building.,,,,,
commercial_13143310300000,retain,yes,yes,corrected,2019,high,developer_city_and_housing_records,,https://www.taylorjohnson.com/tj-news/evergreen-real-estate-group-celebrates-ribbon-cutting-of-independence-apartments-bringing-co-located-affordable-senior-housing-and-public-library-to-chicagos-irving-park-neighborhood/,"Independence Apartments is a new 44-unit building completed and opened in 2019, not 2020.",,,,,
commercial_13253140740000,retain,yes,yes,confirmed,2020,high,city_permits,100747866/100769962/100779277,,"Multiple foundation and full-building permits identify the 220-unit mixed-use project, completed in 2020.",,,,,
residential_297_group_13143320420000,exclude,yes,no,not_applicable,,high,historical_business_records_and_persistent_footprint,,https://www.redfin.com/IL/Chicago/4031-N-Elston-Ave-60618/home/21879783,The address was an operating auto dealership before and after the claimed year. Nearby new-building permits belong to different addresses and expired; no completed 2021 building is supported at this PIN.,,,,,
commercial_17042210990000,retain,yes,yes,confirmed,2012,high,developer_project_record,,https://jdlcorp.com/projects/1225-old-town,The 250-unit 1225 Old Town project broke ground in 2011 and was completed in 2012; the later office permit in the local permit history is unrelated to initial construction.,250,,,The independent project record confirms the Assessor unit count and construction year.,
commercial_17083380260000,retain,yes,yes,corrected,2014,high,city_permits_and_project_record,100491297/100516509,https://yochicago.com/the-madison-apartments-1212-w-madison-west-loop/,Foundation and full-building permits identify the 216-unit building at 1164 W Madison. Construction began in 2013 and occupancy began in 2014; the Assessor's selected 2011 year is too early.,216,,,The permit address and completed project address differ from the historical PIN label but identify the same development.,
commercial_17164010220000_tower_a,retain,yes,yes,corrected,2020,high,developer_architect_and_project_records,,https://www.pappageorgehaymes.com/projects/alta-grand-central/,"Alta Grand Central consists of two 14-story towers completed in 2020. Contemporary project records identify 173 apartments in each tower, not the Assessor's 176.",173,,,Tower-specific unit count corrected from approved project records.,
commercial_17164010230000_tower_b,retain,yes,yes,corrected,2020,high,developer_architect_and_project_records,,https://www.pappageorgehaymes.com/projects/alta-grand-central/,"Alta Grand Central consists of two 14-story towers completed in 2020. Contemporary project records identify 173 apartments in each tower, not the Assessor's 176.",173,,,Tower-specific unit count corrected from approved project records.,
commercial_13312050690000,retain,yes,yes,confirmed,2017,high,city_planned_development_and_assessor_cards,,https://occprodstoragev1.blob.core.usgovcloudapi.net/lsmatterattachmentspublic/05c8ca58-9f67-4168-b3ab-babe85160854.pdf,"The PIN contains twelve six-unit buildings in the Natchez planned development. City records authorize fourteen six-unit buildings across the larger development; the Assessor cards and parcel area support the twelve-building, 72-unit subset represented by this PIN.",72,,,The single mailing address is not a single-family structure; it identifies the multi-building development.,
commercial_17083380230000,exclude,yes,no,not_applicable,,high,city_permit,100575789,,The 2015 work is explicitly a 42-unit addition to an existing 56-unit building rather than a new freestanding building.,,,,,
residential_297_group_17042060100000,retain,yes,yes,confirmed,2019,high,city_permits_and_successor_condominium_records,100731726/100747957,,"The completed permit chain identifies one new 32-unit condominium building. Whole-building square footage remains unavailable, so the project contributes to DUPAC but not FAR.",32,,,The condominium successor records are used only to recover the whole-building unit count.,
commercial_17074210450000,retain,yes,yes,confirmed,2007,medium,stable_assessor_history_and_exact_pin_record,,,The 20-unit building is consistently reported as a 2007 project in the final Assessor vintages. The 2010 footprint year is treated as a conflicting administrative field rather than proof of later construction.,20,,,,
commercial_20032050340000,exclude,yes,no,not_applicable,,high,city_permits,100397253/100405368/100505790,,"The records show partial demolition and exterior work on an existing multifamily building in 2011, followed by full demolition in 2013. They do not support a seven-unit new building in 2011.",,,,,
commercial_13243180370000,retain,yes,yes,confirmed,2006,high,city_permits,100113769/100114303,,"A completed permit identifies a new four-story, six-unit mixed-use building after demolition of the prior commercial structure.",6,,,,
commercial_16134200390000,retain,yes,yes,confirmed,2006,high,city_permits,100109708/100146296,,A completed permit identifies a new five-story building with eight apartments and ground-floor commercial space after demolition of the prior structure.,8,,,,
residential_condo_1601430013,retain,yes,yes,confirmed,2022,high,city_permit_and_successor_condominium_records,100850870,,The permit identifies a 17-unit building and the 2022 successor condominium cohort confirms completion. The expired permit status does not imply the completed building is absent.,17,,,Whole-building square footage is unavailable; the project contributes to DUPAC but not FAR.,
commercial_17074290130000_building_a,exclude,yes,yes,corrected,2003,high,exact_pin_property_and_listing_records,,https://www.compass.com/homedetails/1712-W-Warren-Blvd-Chicago-IL-60612/1WP7YJ_pid/,"The component parcels and rental records consistently identify this Warren-Paulina complex as built in 2003, before the sample. The commercial source's 2008 year is not credible.",,,,,
commercial_17074290160000_building_b,exclude,yes,yes,corrected,2003,high,exact_pin_property_and_listing_records,,https://www.zillow.com/homedetails/36-N-Paulina-St-1-Chicago-IL-60612/89827451_zpid/,"The component parcels and rental records consistently identify this Warren-Paulina complex as built in 2003, before the sample. The commercial source's 2008 year is not credible.",,,,,
residential_17083340520000,retain,yes,yes,confirmed,2007,high,city_permit,100124927,,The completed permit identifies one four-unit building at 15 N Bishop. This is one of two adjacent four-unit buildings and is retained separately.,4,,,The permit supports the building-specific Assessor row.,
residential_17083340580000,retain,yes,yes,confirmed,2007,high,city_permit_and_successor_condominium_records,100197052,,The completed permit identifies the adjacent four-unit building at 17 N Bishop. The successor condominium base supplies the whole-building physical fields.,4,,,The prior audit linked the 15 N Bishop permit; permit 100197052 is the correct building-specific record.,
residential_tieback_17083340230000,exclude,yes,yes,confirmed,2008,high,duplicate_project_resolution,100124927/100197052,,The tieback row combines the same adjacent 15 and 17 N Bishop buildings already retained as separate four-unit projects. Keeping it would count both buildings twice.,,,,,
missing_footprint_100152499,retain,yes,yes,confirmed,2008,high,city_permits,100121268/100152499,,A demolition permit for the prior two-flat is followed by a completed permit for a new three-unit mixed-use building at 2410 S Canal.,3,,,,
residential_16123100040000,retain,yes,yes,confirmed,2008,high,city_permit,100083192,,A completed permit identifies a new three-unit building at 2953 W Fulton. The Assessor's 2008 year is retained as the completion year.,3,,,,
residential_16132190550000,retain,yes,yes,confirmed,2010,high,city_permit,100335100,,A completed Rockwell Gardens Phase II permit identifies the three-unit building at 333 S Maplewood.,3,,,,
residential_16132190560000,retain,yes,yes,confirmed,2010,high,city_permit,100335498,,A completed Rockwell Gardens Phase II permit identifies the six-unit building at 329 S Maplewood.,6,,,,
residential_16132190590000,retain,yes,yes,confirmed,2010,high,city_permit,100335505,,A completed Rockwell Gardens Phase II permit identifies the three-unit building at 319 S Maplewood.,3,,,,
residential_17074350350000,retain,yes,yes,confirmed,2014,high,city_permit_and_exact_pin_record,100531754,https://augrented.com/chicago/17074350350000-1639-w-warren-blvd,The issued permit and exact-PIN record identify a four-unit building completed in 2014.,4,,,,
residential_20034190280000,retain,yes,yes,corrected,2014,high,city_permit_reinstatement_and_mls_record,100105194/100494941,https://www.compass.com/building/4541-s-champlain-ave-chicago-il-60653/593252249044189765/,The 2006 prototype permit was reinstated in 2013 after a change in ownership and contractors. MLS records identify the completed three-unit building as 2014 construction.,3,,,,
residential_tieback_14313080420000,retain,yes,yes,corrected,2017,high,city_ordinance_permit_and_listing_record,100618984,https://www.apartments.com/1851-n-winnebago-ave-chicago-il/bhxnb7c/,"The 2014 rezoning application proposed a five-unit building, the permit was issued in 2016, and listings identify the completed building as 2017 construction.",5,,,,
residential_tieback_17072120260000,retain,yes,yes,corrected,2014,high,city_permit_and_mls_record,100507411,https://www.homes.com/property/1956-w-ohio-st-chicago-il-unit-3e/5z16xhr7jbzqr/,The permit was issued in late 2013 and MLS records identify the six-unit building as 2014 construction.,6,,,,
residential_14291020720000,retain,yes,yes,confirmed,2012,high,exact_pin_mls_record,,https://www.compass.com/homedetails/1349-W-Belmont-Ave-Chicago-IL-60657/1WT8V9_pid/,The exact-PIN record identifies a six-unit 2012 building and confirms the Assessor's building and lot areas.,6,13929,6235,The independent listing confirms all density fields.,
residential_20081270070000,retain,yes,yes,confirmed,2007,medium,exact_pin_property_records,,https://www.redfin.com/IL/Chicago/5017-S-Bishop-St-60609/home/21869701/,Multiple exact-PIN records consistently identify one four-unit building completed in 2007 with matching building and lot areas.,4,4712,3125,"Public sites appear to derive from county records, so this is corroboration rather than independent permit evidence.",
residential_19102040040000,retain,yes,yes,confirmed,2008,high,city_permit,100094913,,The permit identifies a new mixed-use building with one dwelling above a ground-floor restaurant. The Assessor's two-unit count mixes residential and commercial units.,1,,,The project remains in all construction but is not multifamily.,false
residential_20322020220000,retain,yes,yes,confirmed,2006,medium,exact_pin_property_records,,https://www.crexi.com/property-records/20-32-202-022-0000-CHICAGO-IL-60620/0eb7fa05bd9c61da9d1c2b24ced750ad4f297152,"Exact-PIN records consistently identify one three-unit building completed in 2006 and confirm the Assessor's building and lot areas.",3,3744,4875,Property sites appear to reproduce county records and therefore corroborate rather than independently establish timing.,true
commercial_16014000010000,retain,yes,yes,confirmed,2006,medium,exact_pin_property_record,,https://www.loopnet.com/property/2751-w-division-st-chicago-il-60622/17031-16014000010000/,"The exact commercial parcel record confirms the apartment use, 34,725 square feet of building area, and parcel identity. No conflicting pre-period structure or later conversion was found.",30,34725,14828,Construction timing remains based principally on the stable Assessor history.,true
residential_16012050160000,retain,yes,yes,confirmed,2006,medium,exact_pin_property_records,,https://www.redfin.com/IL/Chicago/1533-N-Maplewood-Ave-60622/home/12740577,"The exact parcel consistently identifies a three-unit building with the Assessor's physical fields, and no permit, sale, or footprint evidence contradicts the 2006 construction designation.",3,3355,3159,Timing remains based principally on the Assessor history.,true
residential_13362270720000,retain,yes,yes,confirmed,2006,medium,exact_pin_property_record,,https://www.redfin.com/IL/Chicago/2726-W-Chanay-St-60647/home/18954253,"The exact-PIN record identifies one three-unit 2006 building and confirms 4,483 square feet of building area and 3,750 square feet of land.",3,4483,3750,The record corroborates the Assessor rather than independently dating construction.,true
residential_16262070100000,exclude,yes,yes,corrected,2004,medium,mls_owner_history,,https://www.redfin.com/IL/Chicago/2215-S-Sawyer-Ave-60623/home/18952018,"The current MLS description states that the building has had one owner since it was built in 2004. That specific ownership history is more informative than the conflicting public-record field that reports 2006.",2,2250,3128,The completed building exists but predates the analysis period.,true
residential_16133050490000,exclude,yes,yes,corrected,2005,high,mls_building_record,,https://www.redfin.com/IL/Chicago/3046-W-Lexington-St-60612/unit-3/home/144935182,"Unit-level MLS records date the three-unit condominium building to 2005, before the analysis period.",3,4023,3123,The Assessor's 2006 year is one year too late.,true
residential_16113040410000,retain,yes,yes,corrected,2008,medium,mls_and_exact_pin_records,,https://www.realtor.com/realestateandhomes-detail/306-N-Hamlin-Ave_Chicago_IL_60624_M85388-25076,"The exact parcel record confirms a three-unit building and the MLS dates it to 2008. The Assessor's 2006 year is corrected to the independently reported completion year.",3,4827,4121,,true
residential_17173230250000,retain,yes,yes,confirmed,2006,medium,affordable_housing_project_and_exact_pin_records,,https://affordablehousingonline.com/housing-search/Illinois/Chicago/Roosevelt-Square-Phase-I/10028214,"The address is part of Roosevelt Square Phase I, and the exact parcel record confirms one six-unit 2006 building with matching physical fields.",6,4202,3633,The project record corroborates the development identity; the Assessor history supplies the building-specific timing.,true
commercial_17073270380000,retain,yes,yes,corrected,2007,medium,mls_building_record,,https://www.realtor.com/realestateandhomes-detail/2006-W-Warren-Blvd-Unit-4SW_Chicago_IL_60612_M78740-41962,"MLS and building records consistently date the 2000-2006 W Warren development to 2007 rather than the Assessor's selected 2006 year.",16,30464,9000,,true
residential_16123200350000,retain,yes,yes,confirmed,2006,medium,exact_pin_mls_record,,https://www.redfin.com/IL/Chicago/3020-W-Washington-Blvd-60612/home/185189364,"The exact-PIN MLS record identifies a three-unit 2006 building and confirms the Assessor's 4,320-square-foot building and 4,997-square-foot lot.",3,4320,4997,,true
residential_16133170480000,exclude,yes,yes,corrected,2004,high,mls_building_record,,https://ilfls.com/listing/3015-w-arthington-st-unit-2-chicago-il-60612-124643,"The unit-level MLS record dates the two-unit building to 2004, before the analysis period.",2,3649,3135,,true
residential_16134060100000,exclude,yes,yes,corrected,2005,high,mls_sale_and_building_record,,https://www.compass.com/homedetails/2535-W-Flournoy-St-Chicago-IL-60612/1X6LVN_pid/,"The building is recorded as three residences completed in 2005 and sold in August 2005, before the analysis period.",3,3498,3125,,true
residential_tieback_14292270330000,retain,yes,yes,corrected,2007,high,mls_building_record,,https://www.compass.com/building/1130-w-diversey-pkwy-chicago-il-60614/593000926977793293/,"The whole-building MLS record identifies a six-unit building completed in 2007. The predecessor tieback's four-unit count and 2006 year are corrected.",6,6592,12400,The land area remains the whole-building predecessor parcel area.,true
residential_20034010280000,retain,yes,yes,corrected,2007,high,mls_building_record,,https://www.compass.com/building/4318-s-forrestville-ave-chicago-il-60653/592876679982812709/,"The whole-building MLS record identifies three units completed in 2007, correcting the Assessor's four-unit count and 2006 year.",3,4170,3125,,true
residential_20102070400000,exclude,yes,yes,corrected,2005,medium,mls_unit_and_sale_record,,https://www.redfin.com/IL/Chicago/434-E-48th-Pl-60615/home/113099116,"Unit-level MLS records date the building to 2005, and the later whole-building listing describes a renovation rather than new construction. The conflicting Assessor year is not sufficient to place it in the sample.",3,4226,2995,,true
residential_20103130180000,retain,yes,yes,confirmed,2007,high,mls_building_record,,https://www.zillow.com/homedetails/5331-S-Calumet-Ave-Chicago-IL-60615/449587971_zpid/,"The whole-building MLS listing explicitly describes a four-unit 2007 construction project and confirms the parcel and unit count.",4,6148,5131,,true
residential_20103130190000,retain,yes,yes,confirmed,2007,high,mls_building_record,,https://www.nwsrealestate.com/property-search/detail/28/12474522/5333-s-calumet-ave-chicago-il/,"The whole-building MLS listing explicitly describes a four-unit 2007 construction project and confirms the parcel and unit count.",4,6171,3871,,true
residential_16133010550000,exclude,yes,unclear,unclear,,high,invalid_whole_building_denominator_and_conflicting_history,,https://www.redfin.com/IL/Chicago/3046-W-Flournoy-St-60612/home/28813622,"The row attaches 3,675 square feet of building area to a 622-square-foot remnant parcel. Public records date the structure to 2010, while related Assessor rows and older snapshots report earlier structures at the same site. It is not a defensible whole-building density observation.",,,,"The building may exist, but this PIN cannot supply a coherent project-level land denominator.",true
residential_13352240480000,retain,yes,yes,confirmed,2008,medium,exact_pin_property_records,,https://www.zillow.com/homedetails/3312-W-Dickens-Ave-Chicago-IL-60647/441025200_zpid/,"Exact-PIN records consistently identify one two-unit 2008 building and confirm the Assessor's building and lot areas.",2,2654,3482,,true
residential_14292270580000,retain,yes,yes,corrected,2007,medium,mls_listing_history,,https://www.realtor.com/realestateandhomes-detail/1136-W-Diversey-Pkwy-Unit-3_Chicago_IL_60614_M88250-34331,"MLS history shows the completed building offered for rent in late 2006 and consistently treats it as 2007 construction. The Assessor's selected 2008 year is corrected to 2007.",4,7744,3155,Other public records report 2006-2009; 2007 best matches the contemporaneous listing history.,true
commercial_17344220040000,retain,yes,yes,confirmed,2008,medium,official_hud_development_record,,https://www.hud.gov/sites/documents/chicago_fy12_rpt.pdf,"The parcel is a separately measured Oakwood Shores building. HUD records document delivery of Oakwood Shores Phase 2A units in 2008 and 2009, consistent with the Assessor's component-level year.",6,6987,6389,HUD confirms the project and delivery period; the Assessor supplies the building-specific allocation.,true
commercial_17344220060000,retain,yes,yes,confirmed,2008,medium,official_hud_development_record,,https://www.hud.gov/sites/documents/chicago_fy12_rpt.pdf,"The parcel is a separately measured Oakwood Shores building. HUD records document delivery of Oakwood Shores Phase 2A units in 2008 and 2009, consistent with the Assessor's component-level year.",6,8829,9487,HUD confirms the project and delivery period; the Assessor supplies the building-specific allocation.,true
commercial_17344280090000,retain,yes,yes,confirmed,2008,medium,official_hud_development_record,,https://www.hud.gov/sites/documents/chicago_fy12_rpt.pdf,"The parcel is a separately measured Oakwood Shores building. HUD records document delivery of Oakwood Shores Phase 2A units in 2008 and 2009, consistent with the Assessor's component-level year.",14,21831,27171,HUD confirms the project and delivery period; the Assessor supplies the building-specific allocation.,true
commercial_17344280170000,retain,yes,yes,confirmed,2008,medium,official_hud_development_record,,https://www.hud.gov/sites/documents/chicago_fy12_rpt.pdf,"The parcel is a separately measured Oakwood Shores building. HUD records document delivery of Oakwood Shores Phase 2A units in 2008 and 2009, consistent with the Assessor's component-level year.",7,10868,13709,HUD confirms the project and delivery period; the Assessor supplies the building-specific allocation.,true
commercial_20211270100000,retain,yes,yes,confirmed,2008,medium,exact_pin_and_stable_assessor_history,,,"The exact parcel consistently identifies one eight-unit 2008 building with stable physical fields, and no permit, sale, or footprint evidence contradicts the new-construction designation.",8,9124,11401,Timing remains based principally on the Assessor history.,true
commercial_17344220050000,retain,yes,yes,confirmed,2009,medium,official_hud_development_record,,https://www.hud.gov/sites/documents/chicago_fy12_rpt.pdf,"The parcel is a separately measured Oakwood Shores building. HUD records document delivery of Oakwood Shores Phase 2A units in 2008 and 2009, consistent with the Assessor's component-level year.",6,6987,6363,HUD confirms the project and delivery period; the Assessor supplies the building-specific allocation.,true
residential_16132140720000,retain,yes,yes,confirmed,2010,medium,exact_pin_property_record,,https://www.redfin.com/IL/Chicago/201-S-Maplewood-Ave-60612/home/45511010,"The exact parcel record identifies a six-unit 2010 building and confirms 8,782 square feet of building area and 7,184 square feet of land.",6,8782,7184,,true
residential_16132140680000,retain,yes,yes,confirmed,2011,medium,exact_pin_property_record,,https://www.crexi.com/property-records/16132140680000-CHICAGO-IL-60612-5358/255ec4dba7fc2ab44783ea6beb6758e4424f29b2,"The exact PIN identifies the four-unit 2011 building. A different older PIN shares the mailing address, but it is a separate parcel and does not duplicate this project.",4,4894,6216,,true
commercial_17344300020000,retain,yes,yes,confirmed,2012,medium,official_housing_development_and_stable_assessor_history,,https://www.hud.gov/sites/documents/chicago_fy12_rpt.pdf,"The parcel is a separately measured Oakwood Shores component. Official housing records corroborate continued phased development, and the component's 2012 year and physical fields are stable in the Assessor history.",12,19168,19006,The official record establishes the development; the Assessor supplies building-specific timing.,true
residential_16121090030000,retain,yes,yes,confirmed,2015,medium,exact_pin_property_record,,https://www.redfin.com/IL/Chicago/3143-W-Franklin-Blvd-60612/home/167620713,"The exact parcel record identifies one six-unit 2015 building with the Assessor's physical fields and no contradictory evidence.",6,8400,7302,,true
residential_20113140040000,retain,yes,yes,corrected,2018,high,whole_building_mls_record,,https://www.compass.com/building/5317-s-maryland-ave-chicago-il-60615/593142463749414757/,"Whole-building and unit-level MLS records consistently date the four-unit condominium building to 2018 rather than the Assessor's selected 2015 year.",4,7260,6000,,true
residential_13364310320000,exclude,yes,unclear,unclear,,high,official_older_footprint_without_new_building_evidence,,https://www.realtor.com/realestateandhomes-detail/1624-N-Artesian-Ave_Chicago_IL_60647_M77730-00388,"The official 2008 footprint reports a 2005 structure and no demolition, replacement, or new-building permit was found. Public property sites merely repeat the conflicting Assessor year.",,,,The conservative rule excludes an administratively re-dated existing building.,true
residential_16133010230000,exclude,yes,unclear,unclear,,high,official_older_footprint_without_new_building_evidence,,,"The 2008 and 2015 official snapshots preserve an older footprint reported as 1892/2005, and no demolition, replacement, or new-building permit supports a 2007 project.",,,,The conservative rule excludes an administratively re-dated existing building.,true
residential_16133010590000,exclude,yes,unclear,unclear,,high,official_older_footprint_without_new_building_evidence,,,"The 2008 and 2015 official snapshots preserve a footprint reported as 2005, and no demolition, replacement, or new-building permit supports a 2007 project.",,,,The conservative rule excludes an administratively re-dated existing building.,true
residential_16133010600000,exclude,yes,unclear,unclear,,high,official_older_footprint_without_new_building_evidence,,,"The 2008 and 2015 official snapshots preserve a footprint reported as 2005, and no demolition, replacement, or new-building permit supports a 2007 project.",,,,The conservative rule excludes an administratively re-dated existing building.,true
residential_20231120340000,exclude,yes,unclear,unclear,,high,official_older_footprint_without_new_building_evidence,,,"The official footprint predates the claimed construction year and no demolition, replacement, or new-building permit supports a new sample-period building.",,,,The conservative rule excludes an administratively re-dated existing building.,true
residential_17053081080000,exclude,yes,unclear,unclear,,high,preperiod_sale_and_official_older_footprint,,,"The property sold before the claimed construction year and the official footprint records an older structure. No replacement or new-building permit was found.",,,,The evidence is more consistent with an existing building or later record change.,true
residential_17053150600000,exclude,yes,unclear,unclear,,high,official_older_footprint_without_new_building_evidence,,,"The official footprint reports an older structure and no demolition, replacement, or new-building permit supports the conflicting 2007/2009 public-record dates.",,,,The conservative rule excludes an administratively re-dated existing building.,true
residential_13154180310000,retain,yes,yes,confirmed,2021,high,distinct_historical_parcel_geometry,,,"The two Belle Plaine rows have separate PINs, separate nonoverlapping construction-year parcel polygons, and separate land records. The shared 4022 address is an address-history artifact rather than evidence that the projects are duplicated.",1,2451,3762,,false
residential_13154180320000,retain,yes,yes,confirmed,2021,high,distinct_historical_parcel_geometry,,,"The two Belle Plaine rows have separate PINs, separate nonoverlapping construction-year parcel polygons, and separate land records. The shared 4022 address is an address-history artifact rather than evidence that the projects are duplicated.",1,2451,3770,,false
residential_13222210370000,retain,yes,yes,confirmed,2022,high,distinct_historical_parcel_geometry,,,"The two Keeler rows have separate PINs, separate nonoverlapping construction-year parcel polygons, and distinct building-area records. The shared 3604 address is an address-history artifact rather than evidence that the projects are duplicated.",1,2882,3929,,false
residential_13222210380000,retain,yes,yes,confirmed,2022,high,distinct_historical_parcel_geometry,,,"The two Keeler rows have separate PINs, separate nonoverlapping construction-year parcel polygons, and distinct building-area records. The shared 3604 address is an address-history artifact rather than evidence that the projects are duplicated.",1,2878,3929,,false
residential_17171050970000,retain,yes,yes,confirmed,2008,high,distinct_historical_parcel_geometry,,,"The Monroe rows have separate PINs and nonoverlapping construction-year parcel polygons. The repeated unit number reflects the collapsed historical address; the neighboring parcels are separate townhouses.",1,1651,775,,false
residential_17171051160000,retain,yes,yes,confirmed,2008,high,distinct_historical_parcel_geometry,,,"The Monroe rows have separate PINs and nonoverlapping construction-year parcel polygons. The repeated unit number reflects the collapsed historical address; the neighboring parcels are separate townhouses.",1,1879,906,,false
residential_multicard_17211230250000,retain,yes,yes,confirmed,2006,high,stable_multicard_parent_record,100144628,,"The five-card PIN is the original Emerald project and is supported by a new-building permit. Its five cards have distinct dwelling records and share one project-level land record.",5,9680,7114,,true
residential_17211230430000,exclude,yes,yes,confirmed,2007,high,successor_component_duplicate,,,"The later single-card PIN reproduces the 2,302-square-foot second card already counted in the five-card 1460 S Emerald project. Retaining both rows would count the same dwelling twice.",,,,Duplicate of one card in residential_17211230250000.,false
residential_multicard_25194030020000,retain,yes,yes,confirmed,2006,high,stable_multicard_parent_record,,,"The five-card PIN is the original Vincennes project. Its five cards have stable, distinct dwelling records and share one project-level land record.",5,8670,6250,,true
residential_25194030320000,exclude,yes,yes,confirmed,2006,high,successor_component_duplicate,,,"The later single-card PIN reproduces the 1,742-square-foot first card already counted in the five-card 11505 S Vincennes project. Retaining both rows would count the same dwelling twice.",,,,Duplicate of one card in residential_25194030020000.,false
residential_13351120430000,exclude,yes,no,not_applicable,,high,contemporaneous_listing_and_persistent_footprint,,https://www.redfin.com/IL/Chicago/2200-N-Lawndale-Ave-60647/home/18954267,"The listing identifies a full rehabilitation or rebuild in 2006, not a new building. The official footprint remains substantially unchanged, so the Assessor's revised year does not establish new construction.",,,,,
residential_14194010470000,retain,yes,yes,corrected,2007,high,city_permit_and_contemporaneous_listing,100113290,https://www.zillow.com/homedetails/1910-W-Cornelia-Ave-Chicago-IL-60657/80846569_zpid/,"The City issued a new-building permit in August 2006 and the completed home is reported as built in 2007. The Assessor selected 2006.",,,,,
residential_16122130410000,retain,yes,yes,confirmed,2006,high,exact_pin_property_record,,https://www.redfin.com/IL/Chicago/2416-W-Erie-St-60612/home/12628042,"The exact PIN is reported as a 2006 single-family home with the same 2,724-square-foot building and 2,975-square-foot lot recorded by the Assessor.",,,,,
residential_17341100410000,retain,yes,yes,confirmed,2006,high,city_permit,100093723,,"The City issued an exact-address permit in 2006 to erect a new two-story single-family residence. The permit and Assessor year agree.",,,,,
residential_20211290250000,retain,yes,yes,corrected,2008,high,contemporaneous_listing,,https://www.redfin.com/IL/Chicago/6613-S-Normal-Blvd-60621/home/40373090,"The completed home is reported as built in 2008 with the same area fields. The Assessor selected 2006.",,,,,
residential_13252160530000,exclude,yes,no,not_applicable,,high,preperiod_structure_and_persistent_footprint,,https://www.crexi.com/property-records/13252160530000-CHICAGO-IL-60647/,"The exact PIN is reported as a 1916 structure and the 2008 footprint records the same older building. Nearby new-building permits cannot be assigned to this parcel.",,,,,
residential_14084150580000,exclude,yes,yes,corrected,2004,high,preperiod_townhouse_cluster,,https://www.zillow.com/homedetails/4873-N-Winthrop-Ave-Chicago-IL-60640/89896457_zpid/,"This unit belongs to a six-home townhouse cluster reported as built in 2004. The 2008 footprint also reports 2004, before the analysis period.",,,,,
residential_14084150590000,exclude,yes,yes,corrected,2004,high,preperiod_townhouse_cluster,,https://www.zillow.com/homedetails/4873-N-Winthrop-Ave-Chicago-IL-60640/89896457_zpid/,"This unit belongs to a six-home townhouse cluster reported as built in 2004. The 2008 footprint also reports 2004, before the analysis period.",,,,,
residential_14084150600000,exclude,yes,yes,corrected,2004,high,preperiod_townhouse_cluster,,https://www.zillow.com/homedetails/4873-N-Winthrop-Ave-Chicago-IL-60640/89896457_zpid/,"This unit belongs to a six-home townhouse cluster reported as built in 2004. The 2008 footprint also reports 2004, before the analysis period.",,,,,
residential_14084150610000,exclude,yes,yes,corrected,2004,high,preperiod_townhouse_cluster,,https://www.zillow.com/homedetails/4873-N-Winthrop-Ave-Chicago-IL-60640/89896457_zpid/,"This unit belongs to a six-home townhouse cluster reported as built in 2004. The 2008 footprint also reports 2004, before the analysis period.",,,,,
residential_14084150620000,exclude,yes,yes,corrected,2004,high,preperiod_townhouse_cluster,,https://www.zillow.com/homedetails/4873-N-Winthrop-Ave-Chicago-IL-60640/89896457_zpid/,"This unit belongs to a six-home townhouse cluster reported as built in 2004. The 2008 footprint also reports 2004, before the analysis period.",,,,,
residential_14084150630000,exclude,yes,yes,corrected,2004,high,preperiod_townhouse_cluster,,https://www.zillow.com/homedetails/4873-N-Winthrop-Ave-Chicago-IL-60640/89896457_zpid/,"This unit belongs to a six-home townhouse cluster reported as built in 2004. The 2008 footprint also reports 2004, before the analysis period.",,,,,
residential_14192160480000,exclude,yes,yes,corrected,2003,high,preperiod_sale_and_townhouse_cluster,,https://www.redfin.com/IL/Chicago/1600-W-Grace-St-60613/home/21685300,"The townhouse was built and sold before 2006. Contemporary records place the five-home cluster in 2003-2004, and the 2008 footprint reports 1995 rather than a sample-period replacement.",,,,,
residential_14192160490000,exclude,yes,yes,corrected,2003,high,preperiod_sale_and_townhouse_cluster,,https://www.homes.com/property/1602-w-grace-st-chicago-il/8myvct6hm2n84/,"The townhouse was built and sold before 2006. Contemporary records place the five-home cluster in 2003-2004, and the 2008 footprint reports 1995 rather than a sample-period replacement.",,,,,
residential_14192160500000,exclude,yes,yes,corrected,2003,high,preperiod_sale_and_townhouse_cluster,,https://www.redfin.com/IL/Chicago/1604-W-Grace-St-60613/home/21786051,"The townhouse sold in 2004. Contemporary records place the five-home cluster in 2003-2004, and the 2008 footprint reports 1995 rather than a sample-period replacement.",,,,,
residential_14192160510000,exclude,yes,yes,corrected,2004,high,preperiod_sale_and_townhouse_cluster,,https://www.redfin.com/IL/Chicago/1606-W-Grace-St-60613/home/26808024,"The townhouse sold in 2003 and 2005. Contemporary records place the five-home cluster in 2003-2004, and the 2008 footprint reports 1995 rather than a sample-period replacement.",,,,,
residential_14192160520000,exclude,yes,yes,corrected,2003,high,preperiod_sale_and_townhouse_cluster,,https://www.zillow.com/homedetails/1608-W-Grace-St-Chicago-IL-60613/89977460_zpid/,"The townhouse was built before 2006. Contemporary records place the five-home cluster in 2003-2004, and the 2008 footprint reports 1995 rather than a sample-period replacement.",,,,,
residential_16354130290000,retain,yes,yes,confirmed,2007,high,contemporaneous_listing,,https://www.redfin.com/IL/Chicago/3348-W-Pershing-Rd-60632/home/14127493,"The 2007 listing describes a new-construction brick bungalow and reports the same building and lot areas as the Assessor.",,,,,
residential_20064090380000,retain,yes,yes,confirmed,2007,medium,exact_address_property_record,,https://ilfls.com/listing/4438-s-hermitage-ave-chicago-il-60609,"The exact-address property record reports a 2007 home with the same building and lot areas. A second public source reports a later year, so the selected year is retained with medium confidence.",,,,,
residential_13033160010000,retain,yes,yes,confirmed,2008,high,exact_pin_property_record,,https://www.redfin.com/IL/Chicago/5733-N-Cicero-Ave-60646/home/26829202,"The exact PIN is reported as built in 2008 with the same 3,883-square-foot building and 7,900-square-foot lot.",,,,,
residential_13363090200000,retain,yes,yes,confirmed,2008,high,exact_pin_property_record,,https://www.redfin.com/IL/Chicago/1824-N-Albany-Ave-60647/home/45516272,"The exact PIN is reported as built in 2008 with the same 2,368-square-foot building and 3,100-square-foot lot.",,,,,
residential_14201130530000,retain,yes,yes,corrected,2006,high,contemporaneous_listing_and_sale,,https://www.zillow.com/homedetails/3752-N-Janssen-Ave-Chicago-IL-60613/89897007_zpid/,"The home is reported as built in 2006 and was marketed and sold by 2007. The Assessor selected 2008.",,,,,
residential_16354070670000,retain,yes,yes,corrected,2009,medium,exact_address_property_record,,https://ilfls.com/listing/3533-w-38th-st-chicago-il-60632-651363,"The exact unit record reports a 2009 townhouse with the same area fields. Neighboring units carry nearby but inconsistent years, so the correction is medium confidence.",,,,,
residential_17071210160000,retain,yes,yes,confirmed,2008,high,city_permit,100195549,,"The City issued a 2007 exact-address permit to erect a new single-family residence. The Assessor's 2008 completion year is reasonable.",,,,,
residential_17091190240000,retain,yes,yes,corrected,2006,high,exact_pin_property_record_and_sale,,https://www.countyoffice.org/n-kingsbury-st-chicago-il-property-records/,"The exact PIN is reported as a 7,910-square-foot home built in 2006 and sold in 2007. The Assessor selected 2008.",,,,,
residential_17211230270000,retain,yes,yes,confirmed,2008,high,city_permit_and_contemporaneous_development_listing,100096100/100147488,https://www.redfin.com/IL/Chicago/1446-S-Emerald-St-60607/home/18913841,"This is one of the separately parceled Ivy Hall row houses. City permits and contemporary pre-construction listings document the development, and the completed homes are reported as built in 2008.",,,,,
residential_17211230280000,retain,yes,yes,confirmed,2008,high,city_permit_and_contemporaneous_development_listing,100096099/100147488,https://www.redfin.com/IL/Chicago/1446-S-Emerald-St-60607/home/18913841,"This is one of the separately parceled Ivy Hall row houses. City permits and contemporary pre-construction listings document the development, and the completed homes are reported as built in 2008.",,,,,
residential_17211230290000,retain,yes,yes,confirmed,2008,high,city_permit_and_contemporaneous_development_listing,100096098/100159999,https://www.redfin.com/IL/Chicago/1446-S-Emerald-St-60607/home/18913841,"This is one of the separately parceled Ivy Hall row houses. City permits and contemporary pre-construction listings document the development, and the completed homes are reported as built in 2008.",,,,,
residential_17211230300000,retain,yes,yes,confirmed,2008,high,city_permit_and_contemporaneous_development_listing,100092767/100145615/100159999,https://www.redfin.com/IL/Chicago/1446-S-Emerald-St-60607/home/18913841,"This is one of the separately parceled Ivy Hall row houses. City permits and contemporary pre-construction listings document the development, and the completed homes are reported as built in 2008.",,,,,
residential_20041280450000,retain,yes,yes,corrected,2006,high,city_permit_and_contemporaneous_listing,100121909,https://www.redfin.com/IL/Chicago/422-W-42nd-Pl-60609/home/12889352,"The City issued a 2006 exact-address permit for a new two-story single-family residence. A 2008 listing describes the home as two years old. The Assessor selected 2008.",,,,,
residential_13254270450000,retain,yes,yes,confirmed,2009,high,exact_address_property_record,,https://www.realtor.com/realestateandhomes-detail/2449-N-Talman-Ave_Chicago_IL_60647_M99889-27002,"The exact-address record reports a 2009 home with the same building and lot areas and a 2009 sale.",,,,,
residential_13124111250000,retain,yes,yes,corrected,2008,high,contemporaneous_listing_and_sale,,https://www.redfin.com/IL/Chicago/5007-N-Lincoln-Ave-60625/unit-1/home/18501486,"The home was listed by 2007 and is reported as built in 2008. The Assessor selected 2010 after revising its reported year.",,,,,
residential_17072080540000,retain,yes,yes,corrected,2014,high,city_permit,100524262,,"The City issued an exact-address permit in March 2014 to erect a new three-story single-family residence. The Assessor selected 2011.",,,,,
residential_16013250640000,retain,yes,yes,confirmed,2014,high,city_permit,100503578/100503589,https://www.redfin.com/IL/Chicago/804-N-Mozart-St-60622/home/144509909,"City permits issued in late 2013 authorize new single-family construction at the project site. The Assessor's 2014 completion year is reasonable.",,,,,
residential_17072160370000,exclude,yes,no,not_applicable,,high,preperiod_sales_and_rehabilitation_listing,,https://www.redfin.com/IL/Chicago/1930-W-Race-Ave-60622/home/23122348,"The same improved property sold repeatedly before 2014, including in 2004 and 2009, and the listing identifies an older rehabilitated house. Nearby new-building permits cannot be assigned to this exact parcel.",,,,,
residential_16024080460000,retain,yes,yes,corrected,2014,high,city_permit_and_sale,100494203,https://www.countyoffice.org/property-record-1100-n-christiana-ave-chicago-il-60651/,"The City issued a 2013 exact-site permit for a new single-family residence, and the completed home sold in January 2014. The Assessor selected 2016.",,,,,
residential_13354000470000,retain,yes,yes,corrected,2018,high,city_permit_and_exact_pin_record,100713067,https://www.countyoffice.org/property-record-3570-w-cortland-st-chicago-il-60647/,"The City issued a new-house permit in 2017 and the exact PIN record reports the completed home as built in 2018. The Assessor selected 2019.",,,,,
residential_17293030050000,retain,yes,yes,corrected,2020,high,contemporaneous_development_listing,,https://www.compass.com/building/1501-w-fuller-st-chicago-il-60608/592770053292385485/,"This unit is part of a documented 17-townhome development delivered in 2020. The Assessor selected 2019.",,,,,
residential_17293030060000,retain,yes,yes,corrected,2020,high,contemporaneous_development_listing,,https://www.compass.com/building/1501-w-fuller-st-chicago-il-60608/592770053292385485/,"This unit is part of a documented 17-townhome development delivered in 2020. The Assessor selected 2019.",,,,,
residential_17293030070000,retain,yes,yes,corrected,2020,high,contemporaneous_development_listing,,https://www.compass.com/building/1501-w-fuller-st-chicago-il-60608/592770053292385485/,"This unit is part of a documented 17-townhome development delivered in 2020. The Assessor selected 2019.",,,,,
residential_17293030080000,retain,yes,yes,corrected,2020,high,contemporaneous_development_listing,,https://www.compass.com/building/1501-w-fuller-st-chicago-il-60608/592770053292385485/,"This unit is part of a documented 17-townhome development delivered in 2020. The Assessor selected 2019.",,,,,
residential_17293030090000,retain,yes,yes,corrected,2020,high,contemporaneous_development_listing,,https://www.compass.com/building/1501-w-fuller-st-chicago-il-60608/592770053292385485/,"This unit is part of a documented 17-townhome development delivered in 2020. The Assessor selected 2019.",,,,,
residential_17293030100000,retain,yes,yes,corrected,2020,high,contemporaneous_development_listing,,https://www.compass.com/building/1501-w-fuller-st-chicago-il-60608/592770053292385485/,"This unit is part of a documented 17-townhome development delivered in 2020. The Assessor selected 2019.",,,,,
residential_17293030110000,retain,yes,yes,corrected,2020,high,contemporaneous_development_listing,,https://www.compass.com/building/1501-w-fuller-st-chicago-il-60608/592770053292385485/,"This unit is part of a documented 17-townhome development delivered in 2020. The Assessor selected 2019.",,,,,
residential_17293030120000,retain,yes,yes,corrected,2020,high,contemporaneous_development_listing,,https://www.compass.com/building/1501-w-fuller-st-chicago-il-60608/592770053292385485/,"This unit is part of a documented 17-townhome development delivered in 2020. The Assessor selected 2019.",,,,,
residential_17293030130000,retain,yes,yes,corrected,2020,high,contemporaneous_development_listing,,https://www.compass.com/building/1501-w-fuller-st-chicago-il-60608/592770053292385485/,"This unit is part of a documented 17-townhome development delivered in 2020. The Assessor selected 2019.",,,,,
residential_17293030140000,retain,yes,yes,corrected,2020,high,contemporaneous_development_listing,,https://www.compass.com/building/1501-w-fuller-st-chicago-il-60608/592770053292385485/,"This unit is part of a documented 17-townhome development delivered in 2020. The Assessor selected 2019.",,,,,
residential_17293030150000,retain,yes,yes,corrected,2020,high,contemporaneous_development_listing,,https://www.compass.com/building/1501-w-fuller-st-chicago-il-60608/592770053292385485/,"This unit is part of a documented 17-townhome development delivered in 2020. The Assessor selected 2019.",,,,,
residential_17293030160000,retain,yes,yes,corrected,2020,high,contemporaneous_development_listing,,https://www.compass.com/building/1501-w-fuller-st-chicago-il-60608/592770053292385485/,"This unit is part of a documented 17-townhome development delivered in 2020. The Assessor selected 2019.",,,,,
residential_17171051140000,retain,yes,yes,confirmed,2007,high,city_permit_and_distinct_historical_parcel,100088259/100162707,,"This unit is part of the separately parceled Monroe townhouse development. City permit records and contemporaneous property records support the development, and the construction-year parcel does not overlap neighboring units.",1,1651,753,,false
residential_17171050980000,retain,yes,yes,confirmed,2008,high,city_permit_and_distinct_historical_parcel,100088259/100162707,,"This unit is part of the separately parceled Monroe townhouse development. City permit records and contemporaneous property records support the development, and the construction-year parcel does not overlap neighboring units.",1,1651,777,,false
residential_17171050990000,retain,yes,yes,confirmed,2008,high,city_permit_and_distinct_historical_parcel,100088259/100162707,,"This unit is part of the separately parceled Monroe townhouse development. City permit records and contemporaneous property records support the development, and the construction-year parcel does not overlap neighboring units.",1,1651,776,,false
residential_17171051000000,retain,yes,yes,confirmed,2008,high,city_permit_and_distinct_historical_parcel,100088259/100162707,,"This unit is part of the separately parceled Monroe townhouse development. City permit records and contemporaneous property records support the development, and the construction-year parcel does not overlap neighboring units.",1,1651,772,,false
residential_17171051010000,retain,yes,yes,confirmed,2008,high,city_permit_and_distinct_historical_parcel,100088259/100162707,,"This unit is part of the separately parceled Monroe townhouse development. City permit records and contemporaneous property records support the development, and the construction-year parcel does not overlap neighboring units.",1,1651,778,,false
residential_17171051020000,retain,yes,yes,confirmed,2008,high,city_permit_and_distinct_historical_parcel,100088259/100162707,,"This unit is part of the separately parceled Monroe townhouse development. City permit records and contemporaneous property records support the development, and the construction-year parcel does not overlap neighboring units.",1,1651,778,,false
residential_17171051030000,retain,yes,yes,confirmed,2008,high,city_permit_and_distinct_historical_parcel,100088259/100162707,,"This unit is part of the separately parceled Monroe townhouse development. City permit records and contemporaneous property records support the development, and the construction-year parcel does not overlap neighboring units.",1,1651,776,,false
residential_17171051040000,retain,yes,yes,confirmed,2008,high,city_permit_and_distinct_historical_parcel,100088259/100162707,,"This unit is part of the separately parceled Monroe townhouse development. City permit records and contemporaneous property records support the development, and the construction-year parcel does not overlap neighboring units.",1,1651,776,,false
residential_17171051050000,retain,yes,yes,confirmed,2008,high,city_permit_and_distinct_historical_parcel,100088259/100162707,,"This unit is part of the separately parceled Monroe townhouse development. City permit records and contemporaneous property records support the development, and the construction-year parcel does not overlap neighboring units.",1,1651,776,,false
residential_19174170050000,retain,yes,yes,corrected,2006,medium,parcel_sale_transition_and_assessor_history,533235396,,"The parcel sold as land in November 2005, and the first Assessor record reports a 2006 building with the same physical characteristics retained thereafter. Later Assessor records alternately report 2007 and 2009, so 2006 is retained with medium confidence.",1,2326,3780,,false
residential_17311070250000,exclude,yes,no,not_applicable,,high,preperiod_improved_sale_and_persistent_footprint,411708029/500708059,https://www.redfin.com/IL/Chicago/3236-S-Hamilton-Ave-60608/home/113109547,"The same 1,159-square-foot improved property sold twice in 2004. The official snapshots preserve substantially the same footprint, and no demolition or new-building permit supports the Assessor's later 2008 date.",,,,,
residential_19201120560000,retain,yes,yes,corrected,2006,high,contemporaneous_property_record,,https://www.zillow.com/homedetails/6448-S-Mobile-Ave-UNIT-1W-Chicago-IL-60638/80813076_zpid/,"Contemporaneous property records identify the townhouse development as built in 2006. The Assessor reported 2006 until revising the year to 2008 in 2022.",1,1457,1649,,false
residential_tieback_17341210020000,retain,yes,yes,confirmed,2008,medium,city_permit_and_tieback_history,100088035,https://www.propertyreach.com/il/chicago/33rd,"A City permit authorized a new single-family residence at the site, and the two component PINs are duplicate tax records for one physical project. Assessor history reports 2008 or 2009; the selected 2008 year is retained with medium confidence.",1,3210,4571,,false
residential_13321220070000,retain,yes,yes,corrected,2007,high,parcel_sale_transition,612842019/724922008,,"The parcel sold as land in April 2006 and as land plus building in August 2007. The Assessor first reported 2008 and later revised the year to 2009, but the completed-building sale establishes 2007.",1,1759,3246,,false
residential_14081170090000,exclude,yes,yes,corrected,2005,high,preperiod_land_to_building_sale,503241022/808133170,,"The parcel sold as land in December 2004 and as land plus building in December 2005. The sample begins in 2006, so the Assessor's later 2009 date is not a sample-period construction project.",,,,,
residential_14322230420000,exclude,yes,no,not_applicable,,high,demolition_and_accessory_structure_permits,100367579/100378008,,"The prior three-unit building was demolished in 2010. The only 2011 construction permit is for a 617-square-foot accessory shed, matching the small one-story record that the Assessor labeled as a new residence.",,,,,
residential_17042080350000,retain,yes,yes,confirmed,2011,high,city_permit,100335206,,"A 2010 exact-site permit authorizes construction of a new four-story single-family home. The Assessor first reports the completed 4,093-square-foot building in 2012 with year built 2011.",1,4093,2830,,false
residential_16021050060000,exclude,yes,yes,corrected,2005,high,preperiod_land_to_building_sale_and_persistent_footprint,526405213/626440035,,"The parcel sold as land in 2005 and as land plus building in 2006, while the 2008 footprint reports 2005 and remains physically stable. No 2014 replacement permit or footprint change supports the Assessor's much later date.",,,,,
residential_19012220320000,exclude,yes,no,not_applicable,,high,preperiod_improved_sale_and_persistent_footprint,609333065,,"The property sold as land plus building in March 2006 and the official 2008 footprint reports a 2005 structure that persists through later snapshots. No demolition or new-building permit supports the Assessor's 2017 date.",,,,,
residential_13223230070000,exclude,yes,no,not_applicable,,high,existing_structure_permit_and_property_history,100297210,https://www.zillow.com/homedetails/3241-N-Kenneth-Ave-Chicago-IL-60641/101286058_zpid/,"A 2009 City permit repairs the existing rear porch, and the recorded sale history predates the Assessor's 2008 construction year. The Assessor new-construction designation does not represent a new building.",,,,,
residential_13231210400000,exclude,yes,no,not_applicable,,high,existing_structure_permits,100113182/100256106,https://www.realtor.com/realestateandhomes-detail/3721-N-Parkview-Ter_Chicago_IL_60618_M75210-44402,"City permits in 2006 and 2008 describe alterations to an existing three-story residence. The Assessor new-construction designation does not represent a new building.",,,,,
residential_13231280470000,retain,yes,yes,corrected,2010,high,exact_new_building_permit,100336986,https://www.redfin.com/IL/Chicago/3644-N-Avondale-Ave-60618/home/12735767,"The Assessor reports 2008, but the exact-address City permit authorizing the new residence was filed in 2010. The project cannot predate that permit, so the permit application year is used.",,,,,
residential_16364290100000,retain,yes,yes,corrected,2016,high,exact_new_building_permit,100639853,,"The Assessor reports 2014, but the exact-address City permit authorizing the new residence was filed in 2016. The project cannot predate that permit, so the permit application year is used.",,,,,
residential_16364290120000,retain,yes,yes,corrected,2016,high,exact_new_building_permit,100639871,,"The Assessor reports 2014, but the exact-address City permit authorizing the new residence was filed in 2016. The project cannot predate that permit, so the permit application year is used.",,,,,
residential_19192150180000,retain,yes,yes,corrected,2016,high,exact_new_building_permit,100630583,https://www.trulia.com/home/6456-s-narragansett-ave-chicago-il-60638-158967007,"The Assessor reports 2014, but the exact-address City permit authorizing the new residence was filed in 2016. The project cannot predate that permit, so the permit application year is used.",,,,,
residential_20102110330000,retain,yes,yes,corrected,2016,high,exact_new_building_permit,100632038,,"The Assessor reports 2014, but the exact-address City permit authorizing the new residence was filed in 2016. The project cannot predate that permit, so the permit application year is used.",,,,,
residential_25171220300000,retain,yes,yes,corrected,2016,high,exact_new_building_permit,100638729,,"The Assessor reports 2014, but the exact-address City permit authorizing the new residence was filed in 2016. The project cannot predate that permit, so the permit application year is used.",,,,,
