score_vintage,alderman_a,alderman_b,analyses,n_analysis_rows,n_density_multifamily,n_rental_prices,n_home_sales,n_permit_event_study,production_difference,probability_a_more_stringent,probability_production_order_retained,difference_p025,difference_median,difference_p975
2014,Michelle A. Harris,Natashia Holmes,permit_event_study,9,0,0,0,9,0.009689320044430249,0.522,0.522,-1.3231234956150026,0.03343271597661299,1.3543837296551373
2014,James Balcer,Pat Dowell,permit_event_study,6,0,0,0,6,0.08325903475813667,0.523,0.523,-0.8116150743501428,0.02672699974931364,0.8589582693291787
2014,Deborah Graham,Jason Ervin,permit_event_study,9,0,0,0,9,-0.05637984756846713,0.4685,0.5315,-1.1739559591527504,-0.051331814112201446,1.1440889887627168
2014,Jason Ervin,Michael Chandler,permit_event_study,50,0,0,0,50,-0.0660969892505943,0.4605,0.5395,-1.1390476982801248,-0.062157000356309285,1.0828233598874104
2014,Scott Waguespack,"Walter Burnett, Jr.",permit_event_study,15,0,0,0,15,-0.030947364071099326,0.4315,0.5685,-0.5595297705173288,-0.04537493618480031,0.49692883353990336
2014,Deborah Graham,Michael Chandler,permit_event_study,14,0,0,0,14,-0.12247683681906144,0.431,0.569,-1.2255379038233178,-0.0990219287774249,0.9915168424224844
2014,Daniel Solis,George Cardenas,permit_event_study,9,0,0,0,9,0.09375614290344925,0.5695,0.5695,-0.8973940389327407,0.07524940561959756,1.049261286719333
2014,Ed Burke,Michael Zalewski,permit_event_study,37,0,0,0,37,0.08693176167911712,0.5735,0.5735,-0.8998242407412799,0.11136333394318312,1.2686752534060173
2014,Proco Joe Moreno,"Walter Burnett, Jr.",permit_event_study,12,0,0,0,12,0.103073703748917,0.5995,0.5995,-0.5522153286292514,0.08147912157503448,0.7580544188085513
2014,Ed Burke,Ricardo Munoz,permit_event_study,1,0,0,0,1,0.1751450039934963,0.6075,0.6075,-0.8338282878008862,0.1411013591145916,1.2433377327512571
2014,Michelle A. Harris,Roderick Sawyer,permit_event_study,63,0,0,0,63,0.1965238611374419,0.6075,0.6075,-1.0137913457661196,0.17239552867062882,1.3943195545709701
2014,Jason Ervin,Robert Fioretti,permit_event_study,45,0,0,0,45,-0.13378194444573338,0.391,0.609,-0.9958977920455158,-0.11228867340589754,0.7830383761649431
2014,Emma Mitts,Ray Suarez,permit_event_study,1,0,0,0,1,-0.13775658519015432,0.384,0.616,-0.982463609694131,-0.1241834167884237,0.7153649454910646
2014,George Cardenas,James Balcer,permit_event_study,47,0,0,0,47,0.17753560702218163,0.6345,0.6345,-0.794731915465941,0.16139294610580837,1.1053812025895877
2014,Harry Osterman,Joe Moore,permit_event_study,8,0,0,0,8,0.18498075646198842,0.6535,0.6535,-0.9420649100395279,0.21657778526444343,1.3830352943014066
2014,Rey Colon,Roberto Maldonado,permit_event_study,75,0,0,0,75,0.17128060524326227,0.658,0.658,-0.5821962627138031,0.16986627933280682,0.9423778964855937
2014,Deborah Graham,Emma Mitts,permit_event_study,4,0,0,0,4,0.25292620442239866,0.664,0.664,-0.889397585345373,0.23159488709263082,1.300373826504085
2014,Proco Joe Moreno,Scott Waguespack,permit_event_study,96,0,0,0,96,0.13402106782001633,0.6675,0.6675,-0.49083244812732235,0.13513785053556,0.7207924866872286
2014,Ameya Pawar,Scott Waguespack,permit_event_study,20,0,0,0,20,-0.19621717756343932,0.327,0.673,-0.9243039968503467,-0.17455534222659758,0.5700106864197856
2014,Emma Mitts,Jason Ervin,permit_event_study,63,0,0,0,63,-0.3093060519908658,0.2975,0.7025,-1.3060883600477784,-0.27171079904355516,0.7452606606395147
2014,Daniel Solis,James Balcer,permit_event_study,26,0,0,0,26,0.2712917499256309,0.7145,0.7145,-0.616604753386068,0.2352821212238952,1.0755860543315425
2014,Margaret Laurino,Timothy Cullerton,permit_event_study,8,0,0,0,8,0.2882593340619096,0.7225,0.7225,-0.6508724645978955,0.28113741100402534,1.2553069950404698
2014,Pat Dowell,Willie Cochran,permit_event_study,87,0,0,0,87,0.27043810470202234,0.739,0.739,-0.5762194341928069,0.27851573581983957,1.1875324524014985
2014,Daniel Solis,Pat Dowell,permit_event_study,2,0,0,0,2,0.35455078468376755,0.743,0.743,-0.6023651079565372,0.27470224312424774,1.1210261210439534
2014,Ariel Reboyras,Deborah Graham,permit_event_study,32,0,0,0,32,0.39008768142679606,0.7505,0.7505,-0.7270127741920217,0.3410368296123827,1.427015184470794
2014,Roderick Sawyer,Willie Cochran,permit_event_study,23,0,0,0,23,-0.4817222214339805,0.239,0.761,-1.518375030793509,-0.42922284377613273,0.7603022327498431
2014,Howard Brookins,Lona Lane,permit_event_study,21,0,0,0,21,0.5257939718249305,0.7775,0.7775,-0.6235321646778708,0.4538846931154895,1.6694658020794595
2014,JoAnn Thompson,Toni Foulkes,permit_event_study,76,0,0,0,76,-0.4774769774457157,0.2105,0.7895,-1.3906010799502582,-0.37935828310319186,0.5933832744305705
2014,John Arena,Margaret Laurino,permit_event_study,52,0,0,0,52,0.47612403308532647,0.7955,0.7955,-0.5074996454226541,0.39060406088999333,1.4026029170495005
2014,Ed Burke,George Cardenas,permit_event_study,34,0,0,0,34,-0.4995782116225628,0.198,0.802,-1.5177977646658596,-0.45049477550458694,0.6364455226973651
2014,Jason Ervin,"Walter Burnett, Jr.",permit_event_study,2,0,0,0,2,-0.4392535957161902,0.183,0.817,-1.2715314107066265,-0.4035635865317367,0.5142750603339856
2014,Pat Dowell,William D. Burns,permit_event_study,2,0,0,0,2,-0.5724175002757081,0.1795,0.8205,-1.5449929775162068,-0.5304181211157979,0.6336170568921436
2014,Ariel Reboyras,Ray Suarez,permit_event_study,91,0,0,0,91,0.5052573006590404,0.8265,0.8265,-0.4500133362270823,0.44275721615667196,1.3356305145476346
2014,Robert Fioretti,"Walter Burnett, Jr.",permit_event_study,68,0,0,0,68,-0.30547165127045683,0.162,0.838,-0.8411292101091165,-0.29412350318057867,0.2828485963557901
2014,James Cappleman,Tom Tunney,permit_event_study,14,0,0,0,14,-0.5140505738613513,0.15,0.85,-1.5894135231589068,-0.5335463252053232,0.4720630127355478
2014,Ariel Reboyras,Timothy Cullerton,permit_event_study,27,0,0,0,27,0.5854615328322768,0.8585,0.8585,-0.4385708113883438,0.5365642455483457,1.5445967025575313
2014,George Cardenas,Ricardo Munoz,permit_event_study,18,0,0,0,18,0.6747232156160591,0.8615,0.8615,-0.5436638148481758,0.5937364277450792,1.6974500995918393
2014,Latasha Thomas,Toni Foulkes,permit_event_study,18,0,0,0,18,0.7076636200178663,0.8765,0.8765,-0.483188632135567,0.6161349101497546,1.6697213579372105
2014,Ameya Pawar,Harry Osterman,permit_event_study,1,0,0,0,1,-0.6986057220929869,0.1225,0.8775,-1.8063184901545748,-0.6591432966203263,0.47635065047275404
2014,John Arena,Timothy Cullerton,permit_event_study,53,0,0,0,53,0.764383367147236,0.884,0.884,-0.4556604505024628,0.6639026706670654,1.8079984189737153
2014,Leslie Hairston,Michelle A. Harris,permit_event_study,12,0,0,0,12,-0.6322722189139335,0.1125,0.8875,-1.4603427428897255,-0.5743794662293621,0.32965513799833557
2014,Ariel Reboyras,Emma Mitts,permit_event_study,3,0,0,0,3,0.6430138858491947,0.895,0.895,-0.3363640314062856,0.5705953178814533,1.4503047444254993
2014,Pat Dowell,Robert Fioretti,permit_event_study,48,0,0,0,48,0.5008390520603586,0.899,0.899,-0.2756823530455872,0.5204525383649754,1.239830243157328
2014,George Cardenas,Michael Chandler,permit_event_study,13,0,0,0,13,0.829318649035816,0.919,0.919,-0.3075614872895256,0.748846131104682,1.8241146820717657
2014,George Cardenas,Jason Ervin,permit_event_study,14,0,0,0,14,0.8954156382864104,0.9245,0.9245,-0.31274593891408364,0.8103414444939325,1.8817955723639117
2014,Lona Lane,Marty Quinn,permit_event_study,15,0,0,0,15,-1.0368577096249205,0.07,0.93,-2.141050626243192,-0.9420497685389808,0.25180761431509646
2014,Ariel Reboyras,Rey Colon,permit_event_study,44,0,0,0,44,0.6978281812083034,0.935,0.935,-0.17400357129778535,0.6028033035174423,1.399162220099053
2014,John Arena,Mary O'Connor,permit_event_study,31,0,0,0,31,-0.9738915327253441,0.06,0.94,-2.0192251198730227,-0.8967167859412892,0.2172619836363147
2014,Ariel Reboyras,Roberto Maldonado,permit_event_study,33,0,0,0,33,0.8691087864515656,0.9505,0.9505,-0.1540111837515042,0.754315988288297,1.7127039616481803
2014,Emma Mitts,"Walter Burnett, Jr.",permit_event_study,26,0,0,0,26,-0.748559647707056,0.0465,0.9535,-1.491167214594915,-0.6769977746934347,0.10741575719410036
2014,Anthony Beale,Roderick Sawyer,permit_event_study,48,0,0,0,48,1.121928802838598,0.9555,0.9555,-0.12819743413126158,1.009288991357522,2.2306645661341555
2014,Michele Smith,"Walter Burnett, Jr.",permit_event_study,9,0,0,0,9,-0.7088607274528149,0.044,0.956,-1.3349511767107658,-0.6311322726624075,0.07615962405200288
2014,Michele Smith,Scott Waguespack,permit_event_study,39,0,0,0,39,-0.6779133633817156,0.0435,0.9565,-1.3143831060412523,-0.5606634018103382,0.09625866624153216
2014,Ariel Reboyras,Nicholas Sposato,permit_event_study,8,0,0,0,8,-1.1340410890790857,0.0365,0.9635,-2.1925715340037355,-1.0813330554918137,0.06920469674601644
2014,Debra Silverstein,Joe Moore,permit_event_study,11,0,0,0,11,1.0834317553632098,0.9655,0.9655,-0.08870445770752503,0.9670523711150982,1.9834486076971625
2014,Ameya Pawar,James Cappleman,permit_event_study,19,0,0,0,19,1.1576451132791228,0.966,0.966,-0.048780575666942015,1.1177531678172254,2.1909353738838746
2014,Marty Quinn,Michael Zalewski,permit_event_study,55,0,0,0,55,1.2490434724486006,0.969,0.969,-0.09928829500510336,1.1912520126521904,2.549385508797435
2014,Daniel Solis,Jason Ervin,permit_event_study,26,0,0,0,26,0.9891717811898596,0.972,0.972,-0.035151205326898874,0.8885523967614226,1.819147712562323
2014,Latasha Thomas,Roderick Sawyer,permit_event_study,51,0,0,0,51,-1.3723128442360744,0.0265,0.9735,-2.5133538147033363,-1.2651336650527418,0.010114499009037539
2014,Leslie Hairston,Willie Cochran,permit_event_study,6,0,0,0,6,-0.9174705792104721,0.0235,0.9765,-1.6048164814568604,-0.8169842710820919,-0.02721342733519597
2014,Brendan Reilly,Robert Fioretti,permit_event_study,22,0,0,0,22,-0.6776472483215952,0.0225,0.9775,-1.1459701723655755,-0.5806467896589056,-0.013753341509317906
2014,Margaret Laurino,Patrick O'Connor,permit_event_study,36,0,0,0,36,0.8658189362423658,0.9785,0.9785,0.022644563985099283,0.7560498199724951,1.488298625421262
2014,Deb Mell,Rey Colon,permit_event_study,54,0,0,0,54,-1.2329357102081624,0.0205,0.9795,-2.4239655355979544,-1.1838877673020165,-0.04762795805769901
2014,JoAnn Thompson,Latasha Thomas,permit_event_study,12,0,0,0,12,-1.185140597463582,0.0205,0.9795,-2.0156297860168277,-1.0046323532275618,-0.03731571564815126
2014,Carrie Austin,Howard Brookins,permit_event_study,46,0,0,0,46,-1.4131442422840024,0.02,0.98,-2.5150522313281622,-1.2975943229624975,-0.09833625235324883
2014,Robert Fioretti,William D. Burns,permit_event_study,20,0,0,0,20,-1.0732565523360669,0.019,0.981,-2.0363994307569757,-1.023226511314986,-0.07596926019999008
2014,Roberto Maldonado,"Walter Burnett, Jr.",permit_event_study,27,0,0,0,27,-0.9746545483094269,0.0175,0.9825,-1.6046609237144573,-0.8661465404177937,-0.058382761303599665
2014,Ameya Pawar,Patrick O'Connor,permit_event_study,59,0,0,0,59,1.0414023552360556,0.9845,0.9845,0.08878460299523479,0.9150067571679019,1.7818407469798647
2014,Deborah Graham,Nicholas Sposato,permit_event_study,25,0,0,0,25,-1.524128770505882,0.0135,0.9865,-2.7010937029807334,-1.4289848531564797,-0.1376644949813632
2014,Proco Joe Moreno,Roberto Maldonado,permit_event_study,80,0,0,0,80,1.0777282520583438,0.989,0.989,0.1365216797267063,0.9391315072987118,1.7642626818909535
2014,Proco Joe Moreno,Rey Colon,permit_event_study,42,0,0,0,42,0.9064476468150815,0.991,0.991,0.1455248105211454,0.7758034357062616,1.4325691605054451
2014,Daniel Solis,Robert Fioretti,permit_event_study,31,0,0,0,31,0.8553898367441262,0.993,0.993,0.148846627445392,0.772332374438349,1.4433541094738878
2014,Harry Osterman,James Cappleman,permit_event_study,18,0,0,0,18,1.8562508353721097,0.9945,0.9945,0.4779209194657439,1.7594825115779416,3.0504777592936554
2014,Scott Waguespack,Tom Tunney,permit_event_study,3,0,0,0,3,0.8398117169812107,0.995,0.995,0.1811700408325938,0.7216068896389101,1.2843185189152644
2014,Brendan Reilly,"Walter Burnett, Jr.",permit_event_study,8,0,0,0,8,-0.9831188995920519,0.0045,0.9955,-1.4655054549112507,-0.8656873879458632,-0.2524792434371253
2014,Deb Mell,Margaret Laurino,permit_event_study,28,0,0,0,28,-1.6335616926460985,0.004,0.996,-2.7429157124423313,-1.5252858822248818,-0.39450334078741645
2014,Margaret Laurino,Mary O'Connor,permit_event_study,2,0,0,0,2,-1.4500155658106706,0.0035,0.9965,-2.2545469616378195,-1.306373003116128,-0.39554769210959345
2014,Carrie Austin,Matthew O'Shea,permit_event_study,5,0,0,0,5,-1.857849462960542,0.003,0.997,-2.824811947987784,-1.680555156827125,-0.5305860536329791
2014,Nicholas Sposato,Timothy Cullerton,permit_event_study,77,0,0,0,77,1.7195026219113625,0.998,0.998,0.404164153605311,1.6183223541674752,2.8704507347888333
2014,Leslie Hairston,William D. Burns,permit_event_study,34,0,0,0,34,-1.7603261841882025,0.0015,0.9985,-2.6243499006880047,-1.6274069277429684,-0.6058576928922378
2014,Harry Osterman,Patrick O'Connor,permit_event_study,18,0,0,0,18,1.7400080773290425,0.999,0.999,0.5245525974660267,1.5826520428717985,2.6269786521551914
2014,Joe Moore,Patrick O'Connor,permit_event_study,41,0,0,0,41,1.5550273208670542,0.9995,0.9995,0.5248823272375307,1.3512899356248025,2.2517253393655743
2014,Deb Mell,Proco Joe Moreno,permit_event_study,28,0,0,0,28,-2.139383357023244,0,1,-3.220003400051247,-1.97907795168055,-0.8825658264427765
2014,Debra Silverstein,Margaret Laurino,permit_event_study,2,0,0,0,2,1.7726401399878982,1,1,0.619097556535548,1.5811227124107357,2.562825651946914
2014,Debra Silverstein,Patrick O'Connor,permit_event_study,30,0,0,0,30,2.638459076230264,1,1,1.3634108984382283,2.3224310076216086,3.2695109150940747
2014,Ed Burke,JoAnn Thompson,permit_event_study,18,0,0,0,18,3.0708301979934145,1,1,1.7841824472562224,2.724135231070658,3.6576835916899855
2014,Howard Brookins,Latasha Thomas,permit_event_study,23,0,0,0,23,2.536737573499326,1,1,1.216669350404337,2.3063675464654736,3.440441121278468
2014,JoAnn Thompson,Roderick Sawyer,permit_event_study,5,0,0,0,5,-2.557453441699656,0,1,-3.480220719852768,-2.271427231874606,-1.0964745977089911
2014,JoAnn Thompson,Willie Cochran,permit_event_study,62,0,0,0,62,-3.039175663133637,0,1,-3.6116394364827293,-2.6920938066069073,-1.8161051539494
2014,Latasha Thomas,Lona Lane,permit_event_study,24,0,0,0,24,-2.010943601674396,0,1,-2.9904231970171127,-1.8542055678543368,-0.7573667614489609
2022,Chris Taliaferro,Monique Scott,home_sales; rental_prices,3,0,1,2,0,-0.05417526864614536,0.518,0.482,-1.9340739343729365,0.03284363343710678,1.7792770934263542
2022,Daniel Solis,William D. Burns,density_multifamily; rental_prices,909,1,908,0,0,0.0442111858547094,0.483,0.483,-1.030004982605876,-0.022486075139248607,0.9184168402546531
2022,James Balcer,Pat Dowell,density_multifamily; home_sales; rental_prices,95,2,30,63,0,-2.551553895391301e-4,0.5105,0.4895,-0.8554919530927297,0.009452972232598,0.8140711882958521
2022,Brendan Reilly,Robert Fioretti,rental_prices,1408,0,1408,0,0,0.023409825548394547,0.494,0.494,-0.639036742210792,-0.005460901080438341,0.6377291994601381
2022,Isaac Carothers,William Banks,home_sales,127,0,0,127,0,0.014042585212345138,0.494,0.494,-1.2262401270980583,-0.012913011471592323,1.1999105747194085
2022,Ricardo Munoz,Sharon Denise Dixon,density_multifamily; home_sales,81,4,0,77,0,0.040951100993130526,0.5065,0.5065,-0.9318216048528195,0.006457330452221258,0.9759839152858255
2022,Carrie Austin,Howard Brookins,density_multifamily; home_sales; rental_prices,329,2,62,265,0,-0.04477118342559072,0.4825,0.5175,-1.0731231679534063,-0.028226637414618838,1.0284698309240312
2022,John Arena,Margaret Laurino,density_multifamily; home_sales; rental_prices,984,2,583,399,0,0.02515336564275189,0.528,0.528,-0.7431054047588596,0.025610098243259015,0.7784387926076181
2022,Jeanette Taylor,Nicole Lee,home_sales; rental_prices,14,0,6,8,0,0.16777505082636396,0.5465,0.5465,-1.5530776901558676,0.10387595068073052,1.7803511721811536
2022,Matt Martin,Tom Tunney,density_multifamily; home_sales; rental_prices,1681,4,1577,100,0,-0.04246305274904014,0.452,0.548,-0.9350209942300087,-0.04770505504073226,0.7593907616440018
2022,Billy Ocasio,Rey Colon,density_multifamily; home_sales,275,5,0,270,0,-0.07672652790556907,0.4495,0.5505,-1.0451319281457132,-0.06165530855745053,0.9277090507654423
2022,Deborah Graham,Ed Smith,density_multifamily; home_sales,6,1,0,5,0,-0.06408562540380558,0.4485,0.5515,-1.2540730284378119,-0.0791353407895792,1.0627217701089129
2022,Ariel Reboyras,Billy Ocasio,density_multifamily; home_sales,48,2,0,46,0,-0.07282946899267467,0.447,0.553,-1.1392901927587638,-0.07855683435514696,0.9161004942702955
2022,Daniel Solis,Patrick Daley Thompson,density_multifamily; home_sales; rental_prices,728,8,638,82,0,-0.07569873152460094,0.443,0.557,-0.7920021699575069,-0.0504362451785631,0.6658724932926497
2022,Bernard Stone,Patrick O'Connor,density_multifamily; home_sales,115,1,0,114,0,0.1070368062012313,0.5645,0.5645,-0.7588170224212216,0.07291455989170056,0.8821169854196534
2022,George Cardenas,Michael Chandler,home_sales; rental_prices,78,0,38,40,0,0.07599948227654287,0.5655,0.5655,-1.0274346115692718,0.08197334306989267,1.1332151963384627
2022,Michael Rodriguez,Monique Scott,home_sales; rental_prices,31,0,17,14,0,0.12074938058317503,0.5745,0.5745,-2.0937605285716527,0.17358794543324096,2.057983916496573
2022,Ariel Reboyras,Felix Cardona Jr.,density_multifamily; home_sales; rental_prices,1324,5,866,453,0,0.15204683423252754,0.5805,0.5805,-1.0778419130341794,0.1261366574996251,1.334296145540361
2022,Carrie Austin,Matthew O'Shea,home_sales; rental_prices,351,0,125,226,0,0.07186576406123191,0.5845,0.5845,-0.855979741108135,0.10034774418496467,1.077448610061968
2022,Harry Osterman,Matt Martin,home_sales; rental_prices,297,0,254,43,0,0.13364872980958914,0.5895,0.5895,-0.8589394596067306,0.11722356765930762,1.1163691661014572
2022,Ameya Pawar,Proco Joe Moreno,home_sales; rental_prices,21,0,17,4,0,0.07845927260585506,0.5915,0.5915,-0.4991269025864961,0.0644369611159955,0.6378514577892042
2022,Brian Doherty,Patrick Levar,home_sales,236,0,0,236,0,0.14266248414540939,0.5945,0.5945,-0.8201015033415295,0.12119877563910944,1.038252653043997
2022,George Cardenas,Michael Rodriguez,density_multifamily; home_sales; rental_prices,174,1,92,81,0,0.19142467564202192,0.595,0.595,-1.182059784808355,0.16096537635413563,1.482378693475748
2022,Daniel La Spata,Roberto Maldonado,density_multifamily; home_sales; rental_prices,3302,13,2868,421,0,-0.1414641460533877,0.4045,0.5955,-1.0887417127898775,-0.1075395877685179,0.8690661532755991
2022,Proco Joe Moreno,Scott Waguespack,density_multifamily; home_sales; rental_prices,4913,39,4016,858,0,0.058200685035836974,0.598,0.598,-0.4321997868131764,0.05620319068233387,0.5462645765329058
2022,Jim Gardiner,Nicholas Sposato,density_multifamily; home_sales; rental_prices,645,2,324,319,0,0.13383081416702006,0.5985,0.5985,-1.0354986031010414,0.16094304835928921,1.298179172277523
2022,Frank Olivo,Ted Thomas,home_sales,26,0,0,26,0,-0.4903134445681092,0.3965,0.6035,-1.7430851929109763,-0.22398254217910285,1.539653841957694
2022,Jason Ervin,Sharon Denise Dixon,home_sales,15,0,0,15,0,0.16631225652665624,0.6035,0.6035,-0.7795423795221083,0.1034359784967816,1.018831396041327
2022,Pat Dowell,Robert Fioretti,density_multifamily; home_sales; rental_prices,2391,3,2319,69,0,0.10069864598091216,0.608,0.608,-0.6160233706489006,0.10240364159013929,0.8224927252102686
2022,Ed Burke,Marty Quinn,home_sales; rental_prices,40,0,1,39,0,-0.13894378896568416,0.388,0.612,-1.0201999539911917,-0.14231321476547115,0.7853265678473828
2022,Brian Hopkins,Daniel La Spata,density_multifamily; home_sales; rental_prices,4408,13,4114,281,0,-0.16521597192709725,0.3845,0.6155,-1.1240693543192664,-0.1318881316420263,0.8320825279135422
2022,Gilbert Villegas,Jim Gardiner,home_sales,1,0,0,1,0,0.2515701810993685,0.6155,0.6155,-1.0844542216551534,0.20101517297738192,1.5532636947332947
2022,Ariel Reboyras,Emma Mitts,home_sales; rental_prices,178,0,1,177,0,0.12959060538762582,0.616,0.616,-0.6209622865946954,0.11624169501801129,0.8525168711474064
2022,Howard Brookins,Matthew O'Shea,home_sales; rental_prices,208,0,60,148,0,0.11663694748682263,0.619,0.619,-0.6811167594155936,0.121211889092877,0.9689570515876843
2022,George Cardenas,Sharon Denise Dixon,density_multifamily; home_sales,24,1,0,23,0,-0.1579791760166923,0.378,0.622,-1.0967708357307897,-0.14805344138936571,0.7727686720524255
2022,Gregory Mitchell,Susan Sadlowski Garza,home_sales; rental_prices,1078,0,556,522,0,-0.2148791923717384,0.378,0.622,-1.3936865860997292,-0.19975864348062725,1.0236751104211366
2022,George Cardenas,Ricardo Munoz,home_sales; rental_prices,189,0,41,148,0,-0.19893027700982283,0.3735,0.6265,-1.1447358769297182,-0.15704022834354325,0.8521754037355822
2022,David Moore,Stephanie Coleman,home_sales; rental_prices,522,0,205,317,0,0.23365828547706835,0.635,0.635,-1.1517116702914545,0.23199618503721642,1.5771480866789598
2022,Ariel Reboyras,Nicholas Sposato,home_sales; rental_prices,5,0,2,3,0,-0.178117667871361,0.3645,0.6355,-0.9991969654375584,-0.1489347152860553,0.6957725292417071
2022,David Moore,Silvana Tabares,home_sales; rental_prices,122,0,64,58,0,-0.2805420468041658,0.3615,0.6385,-1.5659875230718616,-0.2519069541765034,1.1322624753125135
2022,Gregory Mitchell,Michelle A. Harris,density_multifamily; home_sales; rental_prices,1614,1,879,734,0,-0.23139473367138294,0.36,0.64,-1.1952770898936635,-0.16759936301140974,0.867547725333475
2022,Darcel Beavers,Leslie Hairston,home_sales,8,0,0,8,0,-0.08507603903497651,0.3575,0.6425,-2.590321755080563,-0.27737370743490763,1.1892413658617937
2022,Margaret Laurino,Timothy Cullerton,home_sales; rental_prices,88,0,79,9,0,0.18448989061087973,0.646,0.646,-0.7350906511591639,0.15244823757323112,1.0674312169284446
2022,Ariel Reboyras,Rey Colon,density_multifamily; home_sales; rental_prices,683,3,279,401,0,-0.14955599689824373,0.3535,0.6465,-0.8900949048116839,-0.1366129074138147,0.5495666682425683
2022,John Arena,Timothy Cullerton,home_sales; rental_prices,490,0,138,352,0,0.20964325625363162,0.6465,0.6465,-0.7774139298426919,0.1954491243693842,1.1749573977734757
2022,Emma Mitts,Ray Suarez,density_multifamily; home_sales; rental_prices,204,1,5,198,0,0.1904430130464516,0.6515,0.6515,-0.7058850706799773,0.17051553285409263,1.0434599630017383
2022,Patrick Levar,Thomas Allen,density_multifamily; home_sales,401,1,0,400,0,0.22361246311838912,0.654,0.654,-0.8944531141111278,0.20097164384137406,1.2773604600481163
2022,Bernard Stone,Margaret Laurino,home_sales,46,0,0,46,0,-0.19528573700261853,0.3395,0.6605,-0.9854812539364318,-0.17316844635554995,0.6698638598610622
2022,George Cardenas,Monique Scott,home_sales; rental_prices,104,0,93,11,0,0.31217405622519695,0.6615,0.6615,-1.6724278148348568,0.3350853665108043,2.1258113130572798
2022,Ameya Pawar,Scott Waguespack,density_multifamily; home_sales; rental_prices,1433,1,1131,301,0,0.13665995764169203,0.664,0.664,-0.4194198795255879,0.12578726231193443,0.6521389109109141
2022,Brendan Reilly,"Walter Burnett, Jr.",density_multifamily; home_sales; rental_prices,18825,9,18807,9,0,0.18146517570723353,0.668,0.668,-0.44892116011056366,0.12163726754183019,0.7107738523585428
2022,Michael Chandler,Ricardo Munoz,density_multifamily; home_sales; rental_prices,193,3,55,135,0,-0.2749297592863657,0.3275,0.6725,-1.3351313609418447,-0.2524588828815114,0.8116264027091797
2022,Deborah Graham,John Rice,home_sales,31,0,0,31,0,-0.35250774991221867,0.324,0.676,-1.6678146587296279,-0.3312988664976382,1.0390501531796452
2022,Roderick Sawyer,Stephanie Coleman,home_sales; rental_prices,159,0,82,77,0,-0.34017060551700806,0.321,0.679,-1.475256124660064,-0.3040149101943032,0.9279896998830698
2022,Anthony Beale,Carrie Austin,density_multifamily; home_sales; rental_prices,1819,3,418,1398,0,0.3640328282551606,0.6795,0.6795,-0.777110740669997,0.2439164389683689,1.3345817152334543
2022,Brian Doherty,Margaret Laurino,home_sales,6,0,0,6,0,-0.2552816046445995,0.32,0.68,-0.984735389254984,-0.1822888254097283,0.5707209372730138
2022,Robert Fioretti,"Walter Burnett, Jr.",density_multifamily; home_sales; rental_prices,1726,24,1610,92,0,0.15805535015883898,0.68,0.68,-0.4393926901956333,0.13481236514391703,0.7167352448886685
2022,Pat Dowell,William D. Burns,density_multifamily; home_sales; rental_prices,2848,5,2748,95,0,-0.24722955523693335,0.3165,0.6835,-1.3315817905052052,-0.256322755471324,0.7425737910611957
2022,Robert Fioretti,Shirley Newsome,home_sales,1,0,0,1,0,0.5336362639431331,0.6845,0.6845,-3.114894157967655,0.3792709769462148,2.4013728255454683
2022,Jeanette Taylor,Stephanie Coleman,density_multifamily; home_sales; rental_prices,331,1,154,176,0,0.36899112689206726,0.688,0.688,-1.046246980063309,0.3457251723092895,1.6844685258447845
2022,Jeanette Taylor,Pat Dowell,home_sales; rental_prices,169,0,123,46,0,-0.33624284172892854,0.31,0.69,-1.3995867598779639,-0.2553453375315352,0.8243988107788159
2022,Daniel Solis,James Balcer,home_sales; rental_prices,15,0,7,8,0,0.2916958964811819,0.692,0.692,-0.6097692520502713,0.22914338029283687,1.0581302481048842
2022,Dick Mell,Eugene Schulter,home_sales,56,0,0,56,0,-0.186012702863254,0.3075,0.6925,-1.0614022996572128,-0.2210878543873174,0.6477337545651918
2022,Fredrenna Lyle,Todd Stroger,home_sales,88,0,0,88,0,-0.38801305869732805,0.307,0.693,-1.7490207734966032,-0.32795732870866645,1.0974328789948131
2022,Pat Dowell,Toni Preckwinkle,density_multifamily; home_sales,91,18,0,73,0,-0.25002870395534205,0.305,0.695,-1.2736766305884213,-0.2652991348904948,0.7281767318677627
2022,Ariel Reboyras,John Arena,home_sales; rental_prices,484,0,243,241,0,0.21309974693690487,0.6965,0.6965,-0.5880788023973402,0.2072665109934655,0.970072531273997
2022,Ariel Reboyras,Jim Gardiner,density_multifamily; home_sales; rental_prices,505,2,240,263,0,-0.31194848203838105,0.3025,0.6975,-1.3523819466680633,-0.2834603446346691,0.7884840229168835
2022,Vi Daley,"Walter Burnett, Jr.",home_sales,17,0,0,17,0,-0.22787424003142742,0.2985,0.7015,-0.750403447999028,-0.14194373983945932,0.44665086706582274
2022,Andre Vasquez,Samantha Nugent,home_sales; rental_prices,109,0,73,36,0,0.4428462875795935,0.702,0.702,-0.9887482112772149,0.3487569385490312,1.7177135995553148
2022,Derrick Curtis,Marty Quinn,home_sales; rental_prices,59,0,2,57,0,0.3239324419590155,0.703,0.703,-0.7913922314506696,0.2831557549173953,1.3914577770601886
2022,Thomas Allen,William Banks,density_multifamily; home_sales,217,1,0,216,0,0.37451372608479905,0.7035,0.7035,-0.7513387043534401,0.320635264164135,1.455358144329562
2022,Anthony Beale,Howard Brookins,home_sales; rental_prices,132,0,34,98,0,0.31926164482956987,0.708,0.708,-0.701503542646235,0.25226815096167476,1.1539507730059695
2022,Jim Gardiner,Samantha Nugent,density_multifamily; home_sales; rental_prices,603,4,307,292,0,0.44482418263865187,0.709,0.709,-0.9533349620186323,0.3932965000400881,1.7138854612599252
2022,Pat Dowell,Shirley Newsome,home_sales,6,0,0,6,0,0.6343349099240453,0.7135,0.7135,-3.1262856112687554,0.4713296098975329,2.5593064154101195
2022,Nicole Lee,Pat Dowell,home_sales; rental_prices,19,0,14,5,0,-0.5040178925552925,0.286,0.714,-1.8791792172671211,-0.3794364429679299,1.067907185251917
2022,David Moore,Howard Brookins,home_sales; rental_prices,1231,0,689,542,0,-0.37758041314511764,0.2835,0.7165,-1.4042847574262844,-0.3087186786797496,0.7445663712041238
2022,Eugene Schulter,Patrick O'Connor,density_multifamily; home_sales,193,2,0,191,0,-0.2632242768205488,0.2825,0.7175,-0.9304854200599821,-0.20759889742974644,0.49260882196798017
2022,George Cardenas,Nicole Lee,home_sales; rental_prices,7,0,4,3,0,-0.38291912793797095,0.2785,0.7215,-1.9052796463228876,-0.3853157352921508,1.1494681236153728
2022,Ed Smith,Michael Chandler,density_multifamily; home_sales,171,13,0,158,0,-0.41154155088764033,0.2755,0.7245,-1.4635297577186266,-0.3323368739731683,0.7215695379850041
2022,Shirley Coleman,Toni Foulkes,home_sales,72,0,0,72,0,0.5833705446950618,0.725,0.725,-0.9605448277743369,0.43138419058526356,1.7142648614869285
2022,Silvana Tabares,Stephanie Coleman,home_sales; rental_prices,59,0,35,24,0,0.5142003322812341,0.725,0.725,-0.9799581371823957,0.45762193194119305,1.9562331477980295
2022,George Cardenas,Jason Ervin,home_sales; rental_prices,66,0,25,41,0,-0.3242914325433485,0.2715,0.7285,-1.1194573088125948,-0.262489291543733,0.5594057408478956
2022,Gilbert Villegas,Nicholas Sposato,density_multifamily; home_sales; rental_prices,699,3,93,603,0,0.3854009952663886,0.7315,0.7315,-0.7229822206282527,0.3451714377485956,1.4258669818358558
2022,Andre Vasquez,Harry Osterman,density_multifamily; home_sales; rental_prices,916,2,832,82,0,0.43592552343369184,0.733,0.733,-0.7543613002085406,0.36586946266266235,1.549315542699991
2022,Ariel Reboyras,Ray Suarez,density_multifamily; home_sales; rental_prices,1303,4,291,1008,0,0.3200336184340774,0.735,0.735,-0.5486813911423355,0.25794305004975565,1.1599263469940773
2022,Ariel Reboyras,Margaret Laurino,density_multifamily; home_sales; rental_prices,25,1,5,19,0,0.23825311257965676,0.737,0.737,-0.5026396741757679,0.2333547397646063,0.9443301033497248
2022,Emma Mitts,Roberto Maldonado,density_multifamily; home_sales; rental_prices,412,1,263,148,0,0.2833080932306761,0.7405,0.7405,-0.5065632980331003,0.2353597495878819,0.9827414156111424
2022,Daniel Solis,Pat Dowell,rental_prices,187,0,187,0,0,0.29144074109164275,0.741,0.741,-0.45580497455541896,0.2276099779204861,0.9686162485782431
2022,Todd Stroger,William Beavers,home_sales,36,0,0,36,0,-0.49030852332405583,0.2565,0.7435,-2.285758913306583,-0.5086654022520711,1.145811275640457
2022,Latasha Thomas,Ted Thomas,home_sales,114,0,0,114,0,-0.8337832905905993,0.255,0.745,-1.959714324574968,-0.5049414106429665,1.1611768107873783
2022,Jason Ervin,Michael Scott Jr.,home_sales; rental_prices,726,0,485,241,0,-0.34853419561533727,0.2545,0.7455,-1.241294838196174,-0.30818631138459085,0.628327343642727
2022,Ed Burke,Silvana Tabares,home_sales; rental_prices,499,0,84,415,0,0.49909415786832545,0.747,0.747,-0.8143687165181768,0.40435262931680005,1.662114266258622
2022,John Rice,Thomas Allen,home_sales,78,0,0,78,0,0.5239323053360396,0.748,0.748,-0.9283559677080091,0.4376936956414234,1.7996480405000144
2022,Deborah Graham,Michael Chandler,home_sales,5,0,0,5,0,-0.4756271762914459,0.251,0.749,-1.6067942091529317,-0.41846502841592076,0.7801350006952783
2022,Emma Mitts,Jason Ervin,density_multifamily; home_sales; rental_prices,494,1,175,318,0,-0.31712358743472935,0.25,0.75,-1.0079477199703617,-0.26012226634758695,0.5373362819034537
2022,Margaret Laurino,Patrick O'Connor,density_multifamily; home_sales; rental_prices,436,2,227,207,0,0.3023225432038498,0.75,0.75,-0.4202674209601083,0.24128183734990613,0.9481762579306454
2022,Jason Ervin,Michael Chandler,home_sales; rental_prices,257,0,169,88,0,0.40029091481989143,0.754,0.754,-0.6817072361315086,0.35272251522224074,1.2976234860192524
2022,Robert Fioretti,William D. Burns,home_sales; rental_prices,177,0,160,17,0,-0.3479282012178455,0.243,0.757,-1.3778526119845602,-0.3628307997685077,0.6598494467059466
2022,Brendan Reilly,William D. Burns,density_multifamily; rental_prices,375,1,374,0,0,-0.32451837566945096,0.2415,0.7585,-1.4171427909554306,-0.3637704449260998,0.6758954051784285
2022,Manuel Flores,Theodore Matlak,density_multifamily; home_sales,285,4,0,281,0,0.39605255647624427,0.7585,0.7585,-0.5111588229291522,0.34417623777531753,1.2440552653079247
2022,Billy Ocasio,"Walter Burnett, Jr.",density_multifamily; home_sales,114,8,0,106,0,-0.41859510486459267,0.2365,0.7635,-1.205770088930289,-0.353449590203599,0.6086465874103789
2022,Chris Taliaferro,Emma Mitts,density_multifamily; home_sales; rental_prices,564,1,310,253,0,-0.3735171699799614,0.2365,0.7635,-1.32689509268713,-0.3364229258918075,0.5741121438358426
2022,Leslie Hairston,Natashia Holmes,home_sales; rental_prices,123,0,109,14,0,-0.6011033167074169,0.232,0.768,-1.7672937652505505,-0.48666094528269555,0.7376043075531956
2022,George Cardenas,Willie Cochran,home_sales; rental_prices,68,0,9,59,0,-0.377646493047238,0.2295,0.7705,-1.2022676299849173,-0.316051816695206,0.500261864497066
2022,John Arena,Nicholas Sposato,home_sales; rental_prices,552,0,252,300,0,-0.3912174148082659,0.2265,0.7735,-1.2209143333854242,-0.34089560061134916,0.526902312198453
2022,Robert Fioretti,Toni Preckwinkle,density_multifamily; home_sales,20,1,0,19,0,-0.3507273499362542,0.223,0.777,-1.3355851352047288,-0.37758339467597746,0.6628614866889954
2022,Brendan Reilly,Vi Daley,density_multifamily; home_sales,45,1,0,44,0,0.40933941573866095,0.7775,0.7775,-0.4192750285321837,0.27322731716661364,0.9762415126389274
2022,Pat Dowell,Patrick Daley Thompson,home_sales; rental_prices,103,0,25,78,0,-0.3671394726162437,0.2225,0.7775,-1.0335477015036032,-0.29234183578315975,0.5092572449505122
2022,Theodore Matlak,Vi Daley,home_sales,52,0,0,52,0,0.44583173947027,0.7785,0.7785,-0.5297110455296136,0.33351128136019104,1.165998799557312
2022,Byron Sigcho-Lopez,Patrick Daley Thompson,density_multifamily; home_sales; rental_prices,415,13,335,67,0,0.4268112379080684,0.78,0.78,-0.6793270767108961,0.43882461320979915,1.5600812647537463
2022,Andre Vasquez,Matt Martin,home_sales; rental_prices,1597,0,1456,141,0,0.569574253243281,0.787,0.787,-0.6480908235109176,0.477611988336505,1.6693387048717279
2022,Harry Osterman,Patrick O'Connor,home_sales; rental_prices,1387,0,1218,169,0,0.4146207193291374,0.787,0.787,-0.4510695311894617,0.3545646601679644,1.1867865030549887
2022,Michael Scott Jr.,Ricardo Munoz,home_sales; rental_prices,218,0,141,77,0,0.473895351148863,0.787,0.787,-0.5834508324953636,0.40500753469681394,1.3954615956376282
2022,Margaret Laurino,Patrick Levar,density_multifamily; home_sales,148,2,0,146,0,0.39794408879000887,0.789,0.789,-0.5011672852260866,0.30734686472934647,1.1336680341195224
2022,Helen Shiller,Tom Tunney,density_multifamily; home_sales,65,4,0,61,0,0.39268483571194485,0.794,0.794,-0.46579185470678924,0.34379259257686356,1.213258356006296
2022,Jason Ervin,Monique Scott,home_sales; rental_prices,126,0,107,19,0,0.6364654887685455,0.794,0.794,-1.3623354359357882,0.6118630876275,2.2957235563870464
2022,George Cardenas,Raymond Lopez,home_sales; rental_prices,448,0,184,264,0,0.5447242430153643,0.7965,0.7965,-0.6848996589965007,0.46241016277994945,1.6301912592398455
2022,Shirley Coleman,Ted Thomas,density_multifamily; home_sales,235,1,0,234,0,0.6595750870134108,0.797,0.797,-1.0355794577534587,0.7383613487145949,2.462713681803024
2022,Ed Smith,George Cardenas,density_multifamily; home_sales,72,3,0,69,0,-0.48754103316418324,0.201,0.799,-1.40119657245397,-0.41941879003747695,0.5712425424700032
2022,Jason Ervin,"Walter Burnett, Jr.",density_multifamily; home_sales; rental_prices,4481,30,4101,350,0,-0.3038915918101638,0.2005,0.7995,-0.909658668686409,-0.26961073216873643,0.3530070215625509
2022,Marty Quinn,Silvana Tabares,home_sales; rental_prices,1217,0,180,1037,0,0.6380379468340096,0.7995,0.7995,-0.7803348555829798,0.5517824266346054,1.9021357989470429
2022,Ariel Reboyras,Timothy Cullerton,home_sales; rental_prices,299,0,138,161,0,0.4227430031905365,0.804,0.804,-0.5560441041530337,0.4047013144921553,1.349210911894301
2022,Leslie Hairston,Sandi Jackson,home_sales,30,0,0,30,0,0.45323126587521023,0.808,0.808,-0.5746661156236682,0.42882814257714175,1.41260337839881
2022,Ed Smith,Isaac Carothers,home_sales,98,0,0,98,0,0.5959813217000804,0.8105,0.8105,-0.620266125015039,0.5269024181695194,1.7615826343085237
2022,Felix Cardona Jr.,Gilbert Villegas,home_sales; rental_prices,142,0,76,66,0,-0.7155654973702771,0.1885,0.8115,-2.0382219338012333,-0.6142923286680123,0.7638783817567327
2022,Frank Olivo,Toni Foulkes,home_sales,49,0,0,49,0,-0.5665179868864583,0.1885,0.8115,-1.697432957059734,-0.4950127131196007,0.5896505153271161
2022,Scott Waguespack,"Walter Burnett, Jr.",rental_prices,21,0,21,0,0,0.2614347902308237,0.817,0.817,-0.2147485655742432,0.1989100016199561,0.6653278402218694
2022,Fredrenna Lyle,Willie Cochran,density_multifamily; home_sales,144,5,0,139,0,-0.5114833619045254,0.178,0.822,-1.3035907727616283,-0.4214898516404199,0.42137027533389054
2022,Raymond Lopez,Stephanie Coleman,home_sales; rental_prices,457,0,119,338,0,-0.726427294887632,0.178,0.822,-2.000550002164584,-0.6336799651067371,0.722500602604666
2022,Ariel Reboyras,Gilbert Villegas,home_sales; rental_prices,1010,0,263,747,0,-0.5635186631377496,0.1765,0.8235,-1.5041297648284553,-0.4879254108553863,0.4964263694600445
2022,Ed Smith,Emma Mitts,home_sales,361,0,0,361,0,-0.4947088782728024,0.176,0.824,-1.3372602858307652,-0.43218030560072324,0.4665552292311827
2022,Ariel Reboyras,Roberto Maldonado,home_sales; rental_prices,110,0,42,68,0,0.4128986986183019,0.825,0.825,-0.40339489970763365,0.35809873476569976,1.097614645875424
2022,David Moore,Roderick Sawyer,home_sales; rental_prices,943,0,547,396,0,0.5738288909940764,0.8255,0.8255,-0.5625017238652124,0.5172105526536932,1.650333813788209
2022,Arenda Troutman,Dorothy Tillman,home_sales,160,0,0,160,0,-0.7477377218733108,0.172,0.828,-2.3788385728262327,-0.722002246091354,0.7991787042935751
2022,David Moore,Michael Zalewski,home_sales; rental_prices,46,0,4,42,0,0.6103132363695154,0.832,0.832,-0.5237838448264158,0.558717746389472,1.717266930934886
2022,Deborah Graham,Emma Mitts,density_multifamily; home_sales; rental_prices,251,1,74,176,0,-0.558794503676608,0.168,0.832,-1.5298519426911612,-0.505962360938099,0.5402785678755068
2022,Brendan Reilly,Daniel Solis,density_multifamily; rental_prices,1469,1,1468,0,0,-0.36872956152416037,0.1675,0.8325,-1.0080571263855886,-0.3458024916966873,0.33784434076710035
2022,Dick Mell,Patrick O'Connor,home_sales,12,0,0,12,0,-0.4492369796838028,0.1675,0.8325,-1.2741692212937494,-0.4165494057437212,0.4239712394538321
2022,Leslie Hairston,Sophia King,density_multifamily; home_sales; rental_prices,8659,4,8581,74,0,-0.5962119938476955,0.165,0.835,-1.3935230985456335,-0.4895836085742382,0.5256882299859509
2022,Ariel Reboyras,Milagros Santiago,home_sales; rental_prices,1169,0,717,452,0,0.5662582949686537,0.8365,0.8365,-0.554426631413477,0.5152179097973678,1.4974849344311632
2022,Nicholas Sposato,Timothy Cullerton,home_sales; rental_prices,203,0,20,183,0,0.6008606710618974,0.8395,0.8395,-0.4909464535780035,0.5559252761121356,1.533993339912233
2022,Michele Smith,Tom Tunney,density_multifamily; home_sales; rental_prices,3588,3,3519,66,0,0.35186150805012334,0.841,0.841,-0.2643372884247004,0.29184772340956666,0.8880614946011042
2022,Anthony Beale,Todd Stroger,home_sales,9,0,0,9,0,0.8580272054839829,0.8415,0.8415,-0.6514672676383868,0.7248839812776781,2.1872447978261023
2022,Harry Osterman,Joe Moore,home_sales; rental_prices,756,0,729,27,0,-0.5739252066561492,0.157,0.843,-1.4461027847735521,-0.5059759733207867,0.4731326970510684
2022,Jeanette Taylor,Patrick Daley Thompson,home_sales; rental_prices,24,0,8,16,0,-0.7033823143451723,0.157,0.843,-1.670358179694474,-0.568615885445974,0.543666019319665
2022,Manuel Flores,Scott Waguespack,density_multifamily; home_sales,337,12,0,325,0,0.3525752656842631,0.843,0.843,-0.31382773964666966,0.3277804432238349,0.9682391164189865
2022,Proco Joe Moreno,"Walter Burnett, Jr.",density_multifamily; home_sales; rental_prices,1680,5,1505,170,0,0.3196354752666607,0.845,0.845,-0.21448672844467326,0.247717525000955,0.7798599271457795
2022,Joe Moore,Mary Ann Smith,home_sales,5,0,0,5,0,-0.5658264791190946,0.152,0.848,-1.573808818287164,-0.5375014683207936,0.5158288214459129
2022,Daniel Solis,Michael Scott Jr.,home_sales; rental_prices,10,0,6,4,0,0.5055521334262204,0.8485,0.8485,-0.37983306906873376,0.42579563599317055,1.2467667324113614
2022,Deb Mell,Patrick O'Connor,home_sales; rental_prices,194,0,176,18,0,-0.46451462491177214,0.1465,0.8535,-1.1624013440182066,-0.410076441036617,0.37381940714912226
2022,Anthony Beale,Michelle A. Harris,home_sales; rental_prices,326,0,143,183,0,0.5494180727370697,0.855,0.855,-0.35541765147993276,0.4558608036468203,1.3185085488924575
2022,Isaac Carothers,John Rice,home_sales,14,0,0,14,0,-0.8844034462084935,0.1425,0.8575,-2.1750521083771392,-0.7642677442386077,0.6389448403311265
2022,Michele Smith,"Walter Burnett, Jr.",density_multifamily; home_sales; rental_prices,642,3,631,8,0,-0.35670367932206215,0.1425,0.8575,-0.8510805840660463,-0.3081823207234773,0.2637866065697483
2022,Daniel Solis,Robert Fioretti,density_multifamily; home_sales; rental_prices,866,14,717,135,0,0.3921393870725549,0.859,0.859,-0.2966696585489256,0.3326301173853977,0.9851434172246392
2022,Ed Smith,Madeline Haithcock,density_multifamily; home_sales,138,10,0,128,0,-0.5856873998270383,0.137,0.863,-1.4193590470970654,-0.49420862002941274,0.438385976768202
2022,Margaret Laurino,Rey Colon,home_sales; rental_prices,64,0,22,42,0,-0.3878091094779005,0.137,0.863,-1.0214527817963588,-0.36650495091380075,0.31504177078451895
2022,Jeanette Taylor,Roderick Sawyer,home_sales; rental_prices,348,0,207,141,0,0.7091617324090753,0.8645,0.8645,-0.4974851948681661,0.6363589407448962,1.8451792398816589
2022,Margaret Laurino,Thomas Allen,home_sales,17,0,0,17,0,0.621556551908398,0.8665,0.8665,-0.45684139481043473,0.5097402495989134,1.4789367784630618
2022,Jason Ervin,Robert Fioretti,density_multifamily; home_sales; rental_prices,187,3,105,79,0,-0.46194694196900277,0.131,0.869,-1.1433326115250773,-0.4055411850771796,0.3035442660379722
2022,Burton Natarus,Vi Daley,home_sales,19,0,0,19,0,-0.5652469530535426,0.1305,0.8695,-1.2926972835097439,-0.4972670249773222,0.39090617614540923
2022,Ed Smith,Sharon Denise Dixon,density_multifamily; home_sales,178,31,0,147,0,-0.6455202091808755,0.1285,0.8715,-1.5409300179078533,-0.5651245753658556,0.4406395072171412
2022,Roderick Sawyer,Willie Cochran,density_multifamily; home_sales; rental_prices,498,1,357,140,0,-0.5361140466919784,0.128,0.872,-1.2796765120298446,-0.46267957877942745,0.35463399282467767
2022,Nicole Lee,Raymond Lopez,home_sales,7,0,0,7,0,0.9276433709533353,0.8725,0.8725,-0.8038511471516557,0.8723085392623962,2.411563558793112
2022,Michael Rodriguez,Michael Scott Jr.,home_sales; rental_prices,150,0,56,94,0,-0.8642503038007077,0.127,0.873,-2.0655407134610364,-0.7186391030004882,0.5392639873656949
2022,Scott Waguespack,Vi Daley,density_multifamily; home_sales,92,4,0,88,0,0.48930903026225114,0.8745,0.8745,-0.26536887238898454,0.36194745632723546,0.9526166006580765
2022,Chris Taliaferro,Nicholas Sposato,home_sales; rental_prices,347,0,70,277,0,-0.6812254432389483,0.1225,0.8775,-1.6232916995736812,-0.6079804652304066,0.40311015561656816
2022,Deborah Graham,Sharon Denise Dixon,home_sales,2,0,0,2,0,-0.7096058345846811,0.122,0.878,-1.7818094793103068,-0.6418569481843115,0.5001959419223536
2022,Emma Mitts,Gilbert Villegas,home_sales; rental_prices,96,0,43,53,0,-0.6931092685253754,0.121,0.879,-1.621983052567116,-0.6047929262646103,0.3589582621577744
2022,George Cardenas,Michael Scott Jr.,home_sales; rental_prices,625,0,437,188,0,-0.6728256281586859,0.121,0.879,-1.5130264612541453,-0.5818461697571052,0.3854148703060634
2022,Ariel Reboyras,Deborah Graham,home_sales; rental_prices,108,0,16,92,0,0.6883851090642338,0.8795,0.8795,-0.44158413161856763,0.6418834069915429,1.620974658685626
2022,Fredrenna Lyle,Shirley Coleman,home_sales,3,0,0,3,0,0.7771519338876043,0.8805,0.8805,-0.532331872192013,0.8113778086575107,2.0955170667003604
2022,Pat Dowell,Willie Cochran,density_multifamily; home_sales; rental_prices,789,6,408,375,0,0.5092905274460254,0.8805,0.8805,-0.29415021135545927,0.4427531060564312,1.1706015357865844
2022,Chris Taliaferro,Jason Ervin,density_multifamily; home_sales; rental_prices,637,1,412,224,0,-0.6906407574146909,0.1155,0.8845,-1.5050468886161998,-0.5967404033264488,0.35007091287170367
2022,Fredrenna Lyle,Michelle A. Harris,density_multifamily; home_sales,149,1,0,148,0,-0.6966221914442413,0.1045,0.8955,-1.4925572575335833,-0.5853963022704578,0.3104395809097305
2022,Leslie Hairston,Shirley Newsome,home_sales,2,0,0,2,0,-1.2619147515346922,0.104,0.896,-4.520705032768428,-1.1648414935668734,0.9330639043137628
2022,Ariel Reboyras,"Walter Burnett, Jr.",home_sales; rental_prices,42,0,9,33,0,-0.49142457385726734,0.1025,0.8975,-1.0425919019921837,-0.4148924001857137,0.22555821642862206
2022,Brendan Reilly,Michele Smith,density_multifamily; home_sales; rental_prices,2163,1,2119,43,0,0.5381688550292957,0.9,0.9,-0.20583708599518336,0.4212798209253997,1.0759871579563456
2022,Byron Sigcho-Lopez,Pat Dowell,home_sales; rental_prices,128,0,123,5,0,0.7939507105243121,0.9015,0.9015,-0.3257599990248794,0.746622276849865,1.7307418443297504
2022,Frank Olivo,Shirley Coleman,home_sales,6,0,0,6,0,-1.14988853158152,0.0985,0.9015,-2.370516054224736,-0.9374846444149565,0.5803891638694317
2022,Gilbert Villegas,John Arena,home_sales,4,0,0,4,0,0.7766184100746545,0.904,0.904,-0.3313277983871364,0.7063357893622109,1.7324950796602845
2022,JoAnn Thompson,Latasha Thomas,density_multifamily; home_sales; rental_prices,153,3,22,128,0,-0.8808678651528958,0.0945,0.9055,-1.8531067727014714,-0.7331041158531406,0.3540066347812315
2022,Lona Lane,Toni Foulkes,home_sales; rental_prices,257,0,54,203,0,0.8419672860621894,0.906,0.906,-0.3358791832534939,0.7449341324349983,1.8888551173371104
2022,Matt Martin,Rossana Rodriguez-Sanchez,home_sales; rental_prices,159,0,110,49,0,0.9030278784405639,0.9065,0.9065,-0.38912931165032416,0.8138122263214018,2.0357082556612633
2022,David Moore,Marty Quinn,home_sales; rental_prices,100,0,6,94,0,-0.9185799936381753,0.09,0.91,-1.9247275742266416,-0.7889420972421652,0.4289333373934831
2022,George Cardenas,Shirley Coleman,home_sales,2,0,0,2,0,0.9109888027448917,0.9115,0.9115,-0.3958431882809938,0.8832005230050907,2.274318269298221
2022,Deborah Graham,Nicholas Sposato,home_sales; rental_prices,135,0,8,127,0,-0.8665027769355947,0.0875,0.9125,-1.8809261229915148,-0.7792002704115757,0.3521122689786118
2022,Isaac Carothers,Michael Chandler,home_sales,20,0,0,20,0,-1.0075228725877208,0.0865,0.9135,-2.1388474084054105,-0.8677393557168609,0.37631374880122237
2022,Michelle A. Harris,Natashia Holmes,home_sales; rental_prices,64,0,33,31,0,0.970994646845011,0.9135,0.9135,-0.3639117880105952,0.867790572228815,2.0854983044851947
2022,Deborah Graham,Jason Ervin,home_sales; rental_prices,141,0,110,31,0,-0.8759180911113373,0.085,0.915,-1.7776847931030295,-0.7640502609182287,0.2850330814565732
2022,Rossana Rodriguez-Sanchez,Samantha Nugent,density_multifamily; home_sales; rental_prices,308,1,251,56,0,-1.0297558441042514,0.084,0.916,-2.3059755755108604,-0.9459556644994166,0.3590837704039784
2022,Helen Shiller,Mary Ann Smith,density_multifamily; home_sales,120,2,0,118,0,-0.838252527123848,0.0805,0.9195,-1.8186542289210272,-0.7372083954518713,0.33721270562466205
2022,Rey Colon,Roberto Maldonado,density_multifamily; home_sales; rental_prices,1013,3,647,363,0,0.5624546955165457,0.9195,0.9195,-0.2234822405234534,0.48968860937291736,1.2035234710274356
2022,Madeline Haithcock,"Walter Burnett, Jr.",density_multifamily; home_sales,40,8,0,32,0,-0.5300366576906572,0.08,0.92,-1.0994549365343267,-0.46222831277052756,0.19941495716338897
2022,Byron Sigcho-Lopez,Nicole Lee,density_multifamily; home_sales; rental_prices,223,3,205,15,0,1.2979686030796045,0.9205,0.9205,-0.5652700039192384,1.1164930782261147,2.7072986856983814
2022,Derrick Curtis,Howard Brookins,home_sales; rental_prices,58,0,11,47,0,0.8649320224520732,0.922,0.922,-0.2982141983663978,0.7653676757899519,1.7916589997036794
2022,Harry Osterman,Maria Hadden,density_multifamily; home_sales; rental_prices,707,1,670,36,0,0.9633297176082991,0.9255,0.9255,-0.2911879900793746,1.0379288718864255,2.6213866834784763
2022,Michelle A. Harris,Roderick Sawyer,home_sales; rental_prices,1391,0,1019,372,0,0.7212528762316943,0.9265,0.9265,-0.24721895323600457,0.6246504070761764,1.5028915166783299
2022,Raymond Lopez,Toni Foulkes,home_sales; rental_prices,410,0,205,205,0,0.9496351044245892,0.9295,0.9295,-0.32123968362391825,0.8346629997817424,1.989442344810094
2022,Jeanette Taylor,Raymond Lopez,home_sales; rental_prices,83,0,12,71,0,1.0954184217796992,0.931,0.931,-0.3401728366803185,0.9629928245762465,2.252144725701937
2022,Ed Burke,Stephanie Coleman,home_sales; rental_prices,84,0,16,68,0,1.0132944901495595,0.9315,0.9315,-0.2720912007306062,0.8873268460356007,2.0856744871388604
2022,Gilbert Villegas,Milagros Santiago,density_multifamily; home_sales; rental_prices,95,2,30,63,0,1.1297769581064032,0.935,0.935,-0.209122898587829,0.9854727932625567,2.2854446067338854
2022,Dick Mell,Margaret Laurino,density_multifamily; home_sales,214,5,0,209,0,-0.7515595228876526,0.064,0.936,-1.5051719628101,-0.6591097373175933,0.19472265432904232
2022,Latasha Thomas,Toni Foulkes,home_sales; rental_prices,278,0,44,234,0,-0.9099878329089484,0.064,0.936,-1.8613253776195329,-0.8145715351054188,0.23004876372146502
2022,Ariel Reboyras,Thomas Allen,home_sales,230,0,0,230,0,0.8598096644880547,0.9375,0.9375,-0.1534845732023555,0.7609697711206018,1.6971516558973139
2022,Raymond Lopez,Willie Cochran,home_sales; rental_prices,62,0,7,55,0,-0.9223707360626023,0.0625,0.9375,-1.8454757724057047,-0.7988090229063396,0.22707718273262278
2022,Brendan Reilly,Byron Sigcho-Lopez,rental_prices,1906,0,1906,0,0,-0.8712395309568297,0.06,0.94,-1.8624289621063457,-0.84389536095456,0.23404149617575093
2022,Eugene Schulter,Tom Tunney,home_sales,97,0,0,97,0,-0.5866593190891372,0.0585,0.9415,-1.1273658082188338,-0.49312552289368394,0.13895919440826404
2022,Bernard Stone,Joe Moore,density_multifamily; home_sales,67,2,0,65,0,-0.8815091197840554,0.058,0.942,-1.7590700355554365,-0.7668443527296898,0.1760610065385365
2022,Brian Hopkins,Timmy Knudsen,home_sales; rental_prices,313,0,303,10,0,0.9853086430409767,0.942,0.942,-0.28839930047618656,1.1310544213506186,4.677851657753373
2022,George Cardenas,James Balcer,density_multifamily; home_sales; rental_prices,206,1,25,180,0,-0.8866818651037244,0.0575,0.9425,-1.7130462546149108,-0.7600071472720018,0.1729588592182483
2022,Andre Vasquez,Debra Silverstein,density_multifamily; home_sales; rental_prices,455,1,360,94,0,-1.0804287715497924,0.057,0.943,-2.0989900919084543,-0.9472429692428759,0.20564632527267293
2022,Fredrenna Lyle,Leslie Hairston,home_sales,30,0,0,30,0,0.8754757721081867,0.943,0.943,-0.17144532031940374,0.755404247664587,1.646135707254471
2022,Manuel Flores,"Walter Burnett, Jr.",density_multifamily; home_sales,112,11,0,101,0,0.6140100559150868,0.9435,0.9435,-0.1287606418903155,0.532336697449193,1.200719793732928
2022,Leslie Hairston,Todd Stroger,density_multifamily; home_sales,59,1,0,58,0,-1.2634888308055148,0.056,0.944,-2.3678169054323837,-1.0783923056560618,0.26659065125701376
2022,Byron Sigcho-Lopez,Michael Scott Jr.,home_sales; rental_prices,14,0,9,5,0,1.0080621028588896,0.9455,0.9455,-0.17902314091635443,0.9364683269573928,2.0551350280991425
2022,Billy Ocasio,Manuel Flores,density_multifamily; home_sales,366,19,0,347,0,-1.0326051607796796,0.0535,0.9465,-1.9119201386154567,-0.8820809011592967,0.17507635187753479
2022,Fredrenna Lyle,Howard Brookins,home_sales,36,0,0,36,0,-0.9267786193517411,0.0525,0.9475,-1.7369408309212673,-0.8017982608729433,0.15389519538245047
2022,Deb Mell,Margaret Laurino,density_multifamily; home_sales; rental_prices,730,1,613,116,0,-0.766837168115622,0.052,0.948,-1.443477259122095,-0.6536074208941139,0.12860048609199407
2022,Gilbert Villegas,Roberto Maldonado,home_sales; rental_prices,73,0,50,23,0,0.9764173617560514,0.948,0.948,-0.15231324387705011,0.8489941155135464,1.8770959228039203
2022,Leslie Hairston,Roderick Sawyer,home_sales; rental_prices,54,0,25,29,0,-0.8508450873207337,0.0515,0.9485,-1.5725807984549465,-0.713826756394861,0.1256286322196718
2022,Emma Mitts,"Walter Burnett, Jr.",density_multifamily; home_sales; rental_prices,483,2,123,358,0,-0.6210151792448931,0.0505,0.9495,-1.1633594157258995,-0.5302731831990797,0.14022985052651638
2022,Chris Taliaferro,Gilbert Villegas,density_multifamily; home_sales; rental_prices,801,9,351,441,0,-1.0666264385053368,0.05,0.95,-2.0874997927483756,-0.9344456164843942,0.16873081169973178
2022,Debra Silverstein,Joe Moore,density_multifamily; home_sales; rental_prices,944,1,835,108,0,0.942429088327335,0.9525,0.9525,-0.15765171596180272,0.8384862358080178,1.7565079871262759
2022,Burton Natarus,"Walter Burnett, Jr.",home_sales,1,0,0,1,0,-0.79312119308497,0.0465,0.9535,-1.3534300836750823,-0.6455017296028902,0.1243660336611245
2022,Carlos Ramirez-Rosa,Rossana Rodriguez-Sanchez,density_multifamily; home_sales; rental_prices,1170,8,850,312,0,-1.2455437380959755,0.046,0.954,-2.245616751541983,-1.0551282078814468,0.16156561320762935
2022,Daniel Solis,"Walter Burnett, Jr.",density_multifamily; home_sales; rental_prices,4177,4,4169,4,0,0.5501947372313939,0.954,0.954,-0.0984613843783187,0.46571765512831176,1.0214965694105387
2022,Chris Taliaferro,Michael Scott Jr.,home_sales; rental_prices,33,0,18,15,0,-1.039174953030028,0.0425,0.9575,-1.9436244289656128,-0.9082403003843957,0.16175520860437434
2022,Latasha Thomas,Shirley Coleman,home_sales,107,0,0,107,0,-1.49335837760401,0.042,0.958,-2.664582301532687,-1.2669956049857625,0.1733282596743686
2022,Proco Joe Moreno,Rey Colon,density_multifamily; home_sales; rental_prices,476,8,280,188,0,0.6615040522256843,0.9585,0.9585,-0.07490682521978938,0.523115244867497,1.1481846605055575
2022,Madeline Haithcock,Toni Preckwinkle,home_sales,15,0,0,15,0,-1.0388193577857503,0.0385,0.9615,-1.9743127650274273,-0.9552053178845957,0.1143844534883121
2022,Byron Sigcho-Lopez,Monique Scott,rental_prices,1,0,1,0,0,1.9930617872427725,0.962,0.962,-0.2918116282196245,1.8452984320715626,3.6311185321496495
2022,David Moore,Derrick Curtis,home_sales; rental_prices,683,0,154,529,0,-1.2425124355971908,0.038,0.962,-2.310547155404186,-1.0619333271252005,0.07273738543023597
2022,Howard Brookins,Thomas Murphy,home_sales,19,0,0,19,0,-1.1378859925126186,0.037,0.963,-2.5110009086141725,-1.0880705482870041,0.13448581801658355
2022,Emma Mitts,Isaac Carothers,density_multifamily; home_sales,252,3,0,249,0,1.0906901999728829,0.965,0.965,-0.10668516727430279,0.9677782662822824,2.033844979186073
2022,Frank Olivo,JoAnn Thompson,home_sales,12,0,0,12,0,1.224337711175386,0.965,0.965,-0.06342126204231695,1.044268241374456,2.181707542540854
2022,Daniel La Spata,"Walter Burnett, Jr.",density_multifamily; home_sales; rental_prices,1318,10,1219,89,0,-1.045787418528957,0.0335,0.9665,-1.7340091064560517,-0.8793316192791137,0.06718435134333174
2022,Howard Brookins,Roderick Sawyer,home_sales; rental_prices,87,0,19,68,0,0.951409304139194,0.967,0.967,-0.07676016383100226,0.8304909350250284,1.7897561512589
2022,Isaac Carothers,Sharon Denise Dixon,home_sales,10,0,0,10,0,-1.241501530880956,0.0325,0.9675,-2.2427029653972967,-1.107689965325552,0.07858387502761101
2022,Ed Burke,Michael Rodriguez,density_multifamily; home_sales; rental_prices,122,1,9,112,0,1.3864222176638492,0.968,0.968,-0.05238564126679778,1.2095675982264837,2.423857948147097
2022,Eugene Schulter,Helen Shiller,density_multifamily; home_sales,60,1,0,59,0,-0.9793441548010821,0.03,0.97,-1.796496145838226,-0.8202313857314286,0.026350808917473857
2022,Michele Smith,Scott Waguespack,density_multifamily; home_sales; rental_prices,1647,2,1488,157,0,-0.6181384695528859,0.0295,0.9705,-1.0722572489482678,-0.5036829454124643,0.021389860541642762
2022,James Cappleman,Matt Martin,home_sales; rental_prices,1041,0,979,62,0,-1.1856426284426569,0.028,0.972,-2.0935645513260184,-1.0492847645114631,0.023020297136387792
2022,Patrick Daley Thompson,Willie Cochran,home_sales; rental_prices,52,0,32,20,0,0.8764300000622691,0.972,0.972,-0.015666188423218767,0.7331207370958551,1.5124183958940227
2022,Andre Vasquez,Rossana Rodriguez-Sanchez,home_sales; rental_prices,272,0,248,24,0,1.472602131683845,0.973,0.973,-0.01612320241359638,1.318484656632775,2.6733983182167944
2022,Ed Burke,Ricardo Munoz,home_sales; rental_prices,132,0,19,113,0,0.9960672650120044,0.9735,0.9735,-0.0074659306708650605,0.8769124209409874,1.7848597534498776
2022,John Arena,Mary O'Connor,home_sales; rental_prices,234,0,32,202,0,-1.1435212458348574,0.026,0.974,-2.0408711896691316,-1.0199346699142364,0.0065536356922577055
2022,Theodore Matlak,Tom Tunney,density_multifamily; home_sales,79,1,0,78,0,0.9265226868110281,0.9745,0.9745,-0.0034318365008667875,0.7841890318772913,1.5277541506829195
2022,Andre Vasquez,Maria Hadden,home_sales; rental_prices,316,0,287,29,0,1.399255241041991,0.975,0.975,0.014029426237086052,1.4243003845938116,3.0765066657249722
2022,Shirley Coleman,Willie Cochran,home_sales,26,0,0,26,0,-1.2886352957921297,0.025,0.975,-2.5287307919985538,-1.1940777458415384,-0.01672368716289457
2022,Byron Sigcho-Lopez,"Walter Burnett, Jr.",density_multifamily; home_sales; rental_prices,4275,6,4265,4,0,1.0527047066640631,0.9755,0.9755,0.0027289641784929175,0.9734099870327972,1.93237399281301
2022,Darcel Beavers,Michelle A. Harris,home_sales,12,0,0,12,0,-1.6571740025874044,0.023,0.977,-3.879698532369758,-1.6150360088234672,-0.06327760442927147
2022,Frank Olivo,Lona Lane,home_sales,170,0,0,170,0,-1.4084852729486477,0.022,0.978,-2.5730184926182487,-1.266699431184367,-0.053178335766760884
2022,Ariel Reboyras,Isaac Carothers,home_sales,78,0,0,78,0,1.2202808053605085,0.979,0.979,0.027430167471716713,1.0755225523998861,2.1451959998687093
2022,Joe Moore,Patrick O'Connor,density_multifamily; home_sales; rental_prices,1449,1,1335,113,0,0.9885459259852867,0.979,0.979,0.02822501325432845,0.8483443678958744,1.7075923097211585
2022,Brian Hopkins,Michele Smith,density_multifamily; home_sales; rental_prices,7934,8,7590,336,0,-0.8542997111339921,0.02,0.98,-1.3834729429343298,-0.7119638885919288,-0.029297305700094107
2022,Manuel Flores,Rey Colon,density_multifamily; home_sales,170,9,0,161,0,0.9558786328741105,0.9805,0.9805,0.0526546735538787,0.808720806563703,1.5654615454838807
2022,Matt Martin,Scott Waguespack,home_sales; rental_prices,750,0,569,181,0,-1.0124630303520494,0.0195,0.9805,-1.7017176598951718,-0.8532714762744804,-0.06685534319577884
2022,Anthony Beale,Fredrenna Lyle,density_multifamily; home_sales,150,1,0,149,0,1.2460402641813109,0.982,0.982,0.0807243334118855,1.0454915296365113,1.9914841075314325
2022,Daniel Solis,Jason Ervin,density_multifamily; home_sales; rental_prices,583,4,502,77,0,0.8540863290415577,0.982,0.982,0.056608297074644764,0.7285331577703478,1.4501375957476257
2022,Carrie Austin,Virginia Rugai,density_multifamily; home_sales,65,2,0,63,0,1.2353854287077273,0.9825,0.9825,0.09641833731736053,1.0615199568581954,2.07915281908782
2022,Debra Silverstein,Samantha Nugent,home_sales; rental_prices,81,0,10,71,0,1.523275059129386,0.983,0.983,0.08418504888997191,1.3181734463318988,2.4309586728024715
2022,Michael Zalewski,Toni Foulkes,home_sales; rental_prices,15,0,5,10,0,1.2994074484197742,0.9835,0.9835,0.07339482730551261,1.113235991487536,2.1673698091162166
2022,Brendan Reilly,Sophia King,density_multifamily; rental_prices,2371,1,2370,0,0,1.2227488471785244,0.9845,0.9845,0.10440280827197898,1.0218809321511584,2.0371431647732563
2022,Ariel Reboyras,William Banks,home_sales,2,0,0,2,0,1.2343233905728537,0.9855,0.9855,0.12984922976926627,1.0655287674640963,2.051628538088443
2022,Margaret Laurino,Mary O'Connor,home_sales,3,0,0,3,0,-1.1686746114776092,0.014,0.986,-1.9799447831090504,-1.0474315434208241,-0.09280592468776835
2022,Ameya Pawar,Harry Osterman,density_multifamily; home_sales; rental_prices,364,1,327,36,0,1.0154742581841523,0.9865,0.9865,0.0666542561299511,0.8466546434907734,1.6987020402256598
2022,Ed Burke,George Cardenas,density_multifamily; home_sales; rental_prices,439,1,43,395,0,1.1949975420218273,0.987,0.987,0.14541043434540823,1.031945651009166,1.9826885373085275
2022,Ed Smith,"Walter Burnett, Jr.",density_multifamily; home_sales,155,12,0,143,0,-1.1157240575176957,0.013,0.987,-1.7537661135333689,-0.9486700552112256,-0.1600658056525143
2022,Roderick Sawyer,Toni Foulkes,home_sales; rental_prices,119,0,82,37,0,1.335891793795213,0.987,0.987,0.15549940173138202,1.1484567170915096,2.193660064574034
2022,Harry Osterman,James Cappleman,home_sales; rental_prices,2096,0,2020,76,0,1.319291358252246,0.9875,0.9875,0.18419565802905877,1.1581233915480231,2.18451249812356
2022,Pat Dowell,Sophia King,density_multifamily; home_sales; rental_prices,9714,25,9373,316,0,1.3000376676110421,0.9885,0.9885,0.18070189019418983,1.1453396655848609,2.1471084333901564
2022,Howard Brookins,Lona Lane,home_sales; rental_prices,122,0,61,61,0,1.4453338118722177,0.989,0.989,0.21824368518282536,1.2712899026198086,2.3423835044085264
2022,George Cardenas,Patrick Daley Thompson,home_sales; rental_prices,74,0,27,47,0,-1.2540764931095072,0.0105,0.9895,-1.9834609821723665,-1.0431570447730314,-0.16474736325319664
2022,Timmy Knudsen,Tom Tunney,home_sales; rental_prices,105,0,103,2,0,-1.4877468461248453,0.0105,0.9895,-4.956184649552182,-1.5715369104662016,-0.28839705700469437
2022,Leslie Hairston,William Beavers,home_sales,8,0,0,8,0,-1.7537973541295706,0.01,0.99,-2.9242878746420735,-1.6034021738890176,-0.2837881325193621
2022,Anthony Beale,Roderick Sawyer,home_sales; rental_prices,248,0,67,181,0,1.270670948968764,0.9905,0.9905,0.12279241549990629,1.0891252390680597,2.008832781020437
2022,Byron Sigcho-Lopez,Jason Ervin,density_multifamily; home_sales; rental_prices,961,6,903,52,0,1.356596298474227,0.9905,0.9905,0.16750694733911214,1.2489544141310551,2.24165198657062
2022,Gregory Mitchell,Leslie Hairston,density_multifamily; home_sales; rental_prices,1475,1,1324,150,0,1.340703229881045,0.991,0.991,0.20073599259330918,1.1638633896870139,2.1863363966148057
2022,Daniel Solis,George Cardenas,home_sales; rental_prices,122,0,31,91,0,1.1783777615849063,0.9915,0.9915,0.1568971235024417,0.9960816262481196,1.9077893253782612
2022,Daniel La Spata,Scott Waguespack,density_multifamily; home_sales; rental_prices,3631,24,3281,326,0,-1.3072222087597807,0.008,0.992,-1.9386253900386936,-1.0972409814831503,-0.20419373217815262
2022,Dick Mell,Rey Colon,density_multifamily; home_sales,243,4,0,239,0,-1.139368632365553,0.008,0.992,-1.8556102313090765,-1.0211516531506861,-0.18900855091246238
2022,Roberto Maldonado,"Walter Burnett, Jr.",density_multifamily; home_sales; rental_prices,1010,10,740,260,0,-0.9043232724755692,0.0075,0.9925,-1.3830863088581615,-0.7657660552796994,-0.16552779044366636
2022,Daniel Solis,Madeline Haithcock,density_multifamily; home_sales,54,11,0,43,0,1.080231394922051,0.993,0.993,0.19394069311811374,0.9262891589025912,1.6406523732132905
2022,Howard Brookins,Virginia Rugai,home_sales,103,0,0,103,0,1.280156612133318,0.993,0.993,0.27824543207884783,1.0986907164749677,1.9840167084652662
2022,Jeanette Taylor,Leslie Hairston,density_multifamily; home_sales; rental_prices,485,17,365,103,0,1.560006819729809,0.993,0.993,0.2527505158922939,1.3558195747887076,2.4586968843068204
2022,Deb Mell,Rey Colon,density_multifamily; home_sales; rental_prices,292,1,221,70,0,-1.1546462775935225,0.0065,0.9935,-1.7816220153060212,-1.0175242930643784,-0.2362709981204883
2022,Byron Sigcho-Lopez,George Cardenas,density_multifamily; home_sales; rental_prices,157,1,60,96,0,1.6808877310175756,0.994,0.994,0.3119705803387704,1.5044123858887952,2.6388634012802443
2022,Carlos Ramirez-Rosa,Deb Mell,density_multifamily; home_sales; rental_prices,1312,3,1028,281,0,-1.403085002105219,0.0055,0.9945,-2.1959379978063107,-1.2178670143820152,-0.23097067913551309
2022,James Cappleman,Tom Tunney,density_multifamily; home_sales; rental_prices,10514,8,10394,112,0,-1.228105681191697,0.0055,0.9945,-1.9062767338072881,-1.1025688350684568,-0.2274456691867381
2022,Latasha Thomas,Lona Lane,home_sales; rental_prices,156,0,29,127,0,-1.7519551189711378,0.005,0.995,-2.7332082715873693,-1.585870133299065,-0.3991278146385761
2022,Marty Quinn,Michael Zalewski,home_sales; rental_prices,1008,0,177,831,0,1.5288932300076907,0.995,0.995,0.3254802247086202,1.3400693579364478,2.434248652707988
2022,Anthony Napolitano,Jim Gardiner,home_sales; rental_prices,208,0,46,162,0,1.6249880220039477,0.9955,0.9955,0.30858830934344605,1.3504435954963883,2.4350358078089958
2022,Dorothy Tillman,Toni Preckwinkle,density_multifamily; home_sales,100,5,0,95,0,2.2737737679496064,0.9955,0.9955,0.6156609978696115,2.062894977599957,3.6262598022489634
2022,Ed Smith,Robert Fioretti,density_multifamily; home_sales,147,27,0,120,0,-1.2737794076765345,0.0045,0.9955,-1.9573628216203303,-1.0791852352144777,-0.23427866610166048
2022,Ed Burke,Michael Zalewski,density_multifamily; home_sales; rental_prices,601,3,77,521,0,1.3899494410420066,0.996,0.996,0.32687718479837824,1.2255860896817425,2.1662301684378305
2022,Ed Burke,Raymond Lopez,home_sales; rental_prices,310,0,105,205,0,1.7397217850371915,0.9965,0.9965,0.4806814516916939,1.4968773847784884,2.594903907795066
2022,Frank Olivo,Michael Zalewski,home_sales,360,0,0,360,0,-1.8659254353062324,0.003,0.997,-2.816885970654968,-1.635016528831656,-0.5287706311048019
2022,Scott Waguespack,Timmy Knudsen,home_sales; rental_prices,14,0,13,1,0,2.4577468237278546,0.997,0.997,1.0780197111217953,2.3639856371781756,5.6600651906568995
2022,David Moore,Toni Foulkes,home_sales; rental_prices,534,0,282,252,0,1.9097206847892896,0.9975,0.9975,0.5189955488141768,1.6979457018934903,2.9405879375770345
2022,Mary Ann Smith,Patrick O'Connor,home_sales,143,0,0,143,0,1.5543724051043812,0.9975,0.9975,0.46496106973283946,1.3800675273913763,2.324200222083104
2022,Silvana Tabares,Toni Foulkes,home_sales,7,0,0,7,0,2.1902627315934553,0.9975,0.9975,0.5564231859655113,1.9520680740476894,3.1744924433603314
2022,Carlos Ramirez-Rosa,Felix Cardona Jr.,home_sales; rental_prices,682,0,506,176,0,-2.2561284485679702,0.002,0.998,-3.3118275949275127,-1.979626279352686,-0.6374126637458521
2022,Daniel Solis,Sophia King,density_multifamily; rental_prices,3765,1,3764,0,0,1.5914784087026848,0.998,0.998,0.4604609938327596,1.3874532940305155,2.3741094276237336
2022,Carlos Ramirez-Rosa,Samantha Nugent,density_multifamily; home_sales; rental_prices,370,1,235,134,0,-2.275299582200227,0.0015,0.9985,-3.2557206010119306,-1.999111043635635,-0.7228998114018181
2022,Byron Sigcho-Lopez,Sophia King,density_multifamily; rental_prices,5786,3,5783,0,0,2.093988378135354,0.999,0.999,0.5998243674296988,1.8968743509755752,3.102625705018109
2022,Carlos Ramirez-Rosa,Milagros Santiago,home_sales; rental_prices,457,0,307,150,0,-1.8419169878318442,0.001,0.999,-2.754748559107868,-1.5880947846981135,-0.4807980504553765
2022,Ed Burke,Shirley Coleman,home_sales,110,0,0,110,0,2.105986344766719,0.999,0.999,0.696165574861998,1.927808531953712,3.241481434721843
2022,Eugene Schulter,Theodore Matlak,home_sales,72,0,0,72,0,-1.5131820059001653,0.001,0.999,-2.0998055033673793,-1.2689371609479974,-0.38746445018610887
2022,Lona Lane,Marty Quinn,home_sales; rental_prices,193,0,13,180,0,-1.9863333923652755,0.001,0.999,-2.846394607365966,-1.738137986584053,-0.5876310203467817
2022,Michelle A. Harris,Sandi Jackson,home_sales,82,0,0,82,0,2.0253292294276384,0.999,0.999,0.7747822970355088,1.7672900533126006,2.8000798910454336
2022,Patrick Daley Thompson,Raymond Lopez,home_sales; rental_prices,25,0,1,24,0,1.7988007361248715,0.999,0.999,0.5200701776849808,1.5292251055688122,2.6017391726088133
2022,Proco Joe Moreno,Roberto Maldonado,density_multifamily; home_sales; rental_prices,4307,42,3425,840,0,1.22395874774223,0.999,0.999,0.4070903376410854,1.0251947820492564,1.703671199201242
2022,Ameya Pawar,Tom Tunney,density_multifamily; home_sales; rental_prices,2467,2,2301,164,0,1.1066599352447013,0.9995,0.9995,0.3474644984600832,0.9103404442008208,1.5278597888214902
2022,Anthony Napolitano,Samantha Nugent,density_multifamily; home_sales; rental_prices,137,1,44,92,0,2.0698122046425995,0.9995,0.9995,0.6725591515378767,1.7538251357620358,2.8497457145854517
2022,Daniel Solis,Ed Smith,density_multifamily; home_sales,39,1,0,38,0,1.6659187947490894,0.9995,0.9995,0.5997891553794038,1.404726090165345,2.266538571756591
2022,Debra Silverstein,Margaret Laurino,home_sales; rental_prices,126,0,35,91,0,1.6286524711087718,0.9995,0.9995,0.5791599927833048,1.4210019657962698,2.2169650683783146
2022,JoAnn Thompson,Toni Foulkes,density_multifamily; home_sales; rental_prices,588,4,104,480,0,-1.7908556980618442,5e-4,0.9995,-2.624744169375406,-1.5567534749484775,-0.5115947490792511
2022,Leslie Hairston,Willie Cochran,density_multifamily; home_sales; rental_prices,1144,12,908,224,0,-1.386959134012712,5e-4,0.9995,-1.9435244452208198,-1.1779649951834235,-0.41631530143253986
2022,Manuel Flores,Roberto Maldonado,home_sales,31,0,0,31,0,1.5183333283906562,0.9995,0.9995,0.5248114768002436,1.2883999978667466,2.0683651652761763
2022,Rossana Rodriguez-Sanchez,Scott Waguespack,density_multifamily; home_sales; rental_prices,584,5,462,117,0,-1.9154909087926133,5e-4,0.9995,-2.7073375727226177,-1.6755611041477754,-0.6927352444159585
2022,Scott Waguespack,Tom Tunney,density_multifamily; home_sales; rental_prices,3362,13,2918,431,0,0.9699999776030093,0.9995,0.9995,0.3622194103927571,0.7937893564956526,1.3153913352840931
2022,Ameya Pawar,Deb Mell,home_sales; rental_prices,501,0,435,66,0,1.8946096024250618,1,1,0.8789346296102414,1.6025256123312022,2.390258184849381
2022,Ameya Pawar,Dick Mell,home_sales,24,0,0,24,0,1.8793319571970923,1,1,0.8232509267371593,1.622695146497497,2.476502452681825
2022,Ameya Pawar,James Cappleman,density_multifamily; home_sales; rental_prices,1702,1,1584,117,0,2.3347656164363983,1,1,1.1024804942382307,2.018461300286762,2.90083476625012
2022,Ameya Pawar,Patrick O'Connor,density_multifamily; home_sales; rental_prices,2560,4,2255,301,0,1.4300949775132896,1,1,0.5336752205321871,1.196606180349396,1.911298224388963
2022,Anthony Napolitano,John Arena,home_sales; rental_prices,211,0,29,182,0,2.1500362509792335,1,1,1.0395166546367243,1.848826905865331,2.6613952382232466
2022,Anthony Napolitano,Margaret Laurino,home_sales; rental_prices,148,0,62,86,0,2.1751896166219855,1,1,1.1479793025056848,1.8662656048031665,2.609305723429504
2022,Arenda Troutman,Fredrenna Lyle,density_multifamily; home_sales,131,3,0,128,0,2.7968386393821882,1,1,1.2615547606398867,2.4733492733546396,3.5703713689875283
2022,Arenda Troutman,George Cardenas,home_sales,35,0,0,35,0,2.6630017705249007,1,1,1.25592682402022,2.362421056329697,3.455730575148286
2022,Arenda Troutman,Leslie Hairston,density_multifamily; home_sales,63,1,0,62,0,3.672314411490375,1,1,2.0996886679889886,3.2301937194574464,4.211533422254852
2022,Arenda Troutman,Shirley Coleman,density_multifamily; home_sales,206,4,0,202,0,3.5739905732697927,1,1,1.8400529680883069,3.2495725695568733,4.64658173188703
2022,Ariel Reboyras,Carlos Ramirez-Rosa,density_multifamily; home_sales; rental_prices,992,4,777,211,0,2.4081752828004976,1,1,1.2122680026118737,2.1098222580928176,3.09230495698087
2022,Brendan Reilly,Brian Hopkins,density_multifamily; home_sales; rental_prices,21221,6,21186,29,0,1.3924685661632878,1,1,0.46490640520807003,1.1427369190999936,1.8412345474567962
2022,Brian Hopkins,Proco Joe Moreno,density_multifamily; home_sales; rental_prices,4453,9,4170,274,0,-1.530638865722715,0,1,-1.8932244861878458,-1.277982179752295,-0.6599743884712157
2022,Brian Hopkins,Scott Waguespack,density_multifamily; home_sales; rental_prices,2898,11,2657,230,0,-1.4724381806868778,0,1,-1.8727385111951522,-1.211973091327599,-0.6472503569115174
2022,Brian Hopkins,"Walter Burnett, Jr.",density_multifamily; home_sales; rental_prices,19528,28,19381,119,0,-1.2110033904560542,0,1,-1.6397761025248783,-1.0112111213655681,-0.4224551653373174
2022,Carlos Ramirez-Rosa,Gilbert Villegas,home_sales; rental_prices,186,0,93,93,0,-2.9716939459382474,0,1,-3.791890323991427,-2.578370547099281,-1.4278261581132539
2022,Carlos Ramirez-Rosa,Jim Gardiner,density_multifamily; home_sales; rental_prices,310,2,249,59,0,-2.720123764838879,0,1,-3.636140149369905,-2.3922324070419765,-1.174604651061533
2022,Carlos Ramirez-Rosa,John Arena,home_sales; rental_prices,432,0,369,63,0,-2.1950755358635927,0,1,-2.8467906548160538,-1.9005083661535263,-1.001393965275118
2022,Carlos Ramirez-Rosa,Margaret Laurino,home_sales; rental_prices,529,0,379,150,0,-2.169922170220841,0,1,-2.8001681999066537,-1.8836424287338036,-1.0079374928217038
2022,Carlos Ramirez-Rosa,Roberto Maldonado,home_sales; rental_prices,1937,0,1519,418,0,-1.9952765841821958,0,1,-2.684575687761955,-1.7692485358529648,-0.896866428747775
2022,Carlos Ramirez-Rosa,Scott Waguespack,density_multifamily; home_sales; rental_prices,1084,2,1018,64,0,-3.161034646888589,0,1,-3.601256831808521,-2.720486537288613,-1.9877662974167818
2022,Deb Mell,Proco Joe Moreno,density_multifamily; home_sales; rental_prices,208,1,196,11,0,-1.8161503298192068,0,1,-2.2752363586909476,-1.5470209749804205,-0.8077667558004864
2022,Deb Mell,Scott Waguespack,home_sales; rental_prices,551,0,429,122,0,-1.7579496447833698,0,1,-2.183710585556406,-1.4909341707796377,-0.8110311030320275
2022,Debra Silverstein,Maria Hadden,home_sales; rental_prices,502,0,432,70,0,2.4796840125917834,1,1,1.0199247990692046,2.3544843984629553,3.928747861207324
2022,Debra Silverstein,Patrick O'Connor,density_multifamily; home_sales; rental_prices,1013,1,835,177,0,1.9309750143126216,1,1,0.8425874307972473,1.6611567351906946,2.4568544465182405
2022,Dick Mell,Manuel Flores,home_sales,34,0,0,34,0,-2.0952472652396636,0,1,-2.805894202562751,-1.819674226810632,-0.8740386122601925
2022,Dick Mell,Proco Joe Moreno,density_multifamily; home_sales,28,2,0,26,0,-1.8008726845912375,0,1,-2.326348886154291,-1.5537353854917177,-0.7941098733773355
2022,Dorothy Tillman,George Cardenas,home_sales,1,0,0,1,0,3.4107394923982115,1,1,1.7740546814795752,3.090914684583148,4.497730596982868
2022,Dorothy Tillman,James Balcer,density_multifamily; home_sales,50,1,0,49,0,2.5240576272944875,1,1,1.0183226168476078,2.330324663510072,3.7129826505533066
2022,Dorothy Tillman,Madeline Haithcock,home_sales,23,0,0,23,0,3.3125931257353565,1,1,1.6790502578591535,3.010087021854196,4.375292773360827
2022,Dorothy Tillman,Willie Cochran,home_sales,31,0,0,31,0,3.0330929993509734,1,1,1.4745533635928783,2.788052936554532,4.1068717259222085
2022,Ed Burke,Frank Olivo,home_sales,52,0,0,52,0,3.255874876348239,1,1,1.8428418650854488,2.867585321943963,3.968553201994899
2022,Ed Burke,JoAnn Thompson,home_sales; rental_prices,196,0,12,184,0,4.480212587523625,1,1,2.9874245393485968,3.9199376393756085,4.879261305218902
2022,Ed Burke,Toni Foulkes,home_sales; rental_prices,111,0,53,58,0,2.6893568894617808,1,1,1.4650106608413005,2.3519246668204534,3.2956611506415685
2022,Eugene Schulter,Manuel Flores,home_sales,3,0,0,3,0,-1.9092345623764095,0,1,-2.4054423666138463,-1.631182528093745,-0.8190932671657003
2022,Eugene Schulter,Mary Ann Smith,home_sales,9,0,0,9,0,-1.81759668192493,0,1,-2.569608790365675,-1.5880634763217079,-0.6710822849495007
2022,Eugene Schulter,Scott Waguespack,home_sales,122,0,0,122,0,-1.5566592966921464,0,1,-1.8815161454295948,-1.2838469334800418,-0.7410059807678726
2022,Frank Olivo,Thomas Murphy,home_sales,111,0,0,111,0,-3.991705077333484,0,1,-5.206399237632409,-3.6342040337874724,-2.296072519303249
2022,Fredrenna Lyle,JoAnn Thompson,home_sales,3,0,0,3,0,3.1513781766445104,1,1,1.7079702389523692,2.771369052225126,3.852419503601084
2022,Fredrenna Lyle,Latasha Thomas,home_sales,243,0,0,243,0,2.2705103114916145,1,1,0.9696910025693984,2.038281941655888,3.138384674893228
2022,George Cardenas,JoAnn Thompson,home_sales,10,0,0,10,0,3.285215045501798,1,1,1.8338431793751446,2.8764648412725062,3.915486933820545
2022,Howard Brookins,Latasha Thomas,density_multifamily; home_sales; rental_prices,326,8,97,221,0,3.1972889308433556,1,1,1.8219940376122779,2.8381005055290984,3.8693098596918762
2022,JoAnn Thompson,Marty Quinn,home_sales,14,0,0,14,0,-4.619156376489309,0,1,-5.1247927790335455,-4.036655890943147,-2.994239191752484
2022,JoAnn Thompson,Roderick Sawyer,home_sales; rental_prices,29,0,28,1,0,-3.1267474918570572,0,1,-3.738459590519467,-2.723874115192937,-1.7684022339231387
2022,JoAnn Thompson,Willie Cochran,density_multifamily; home_sales; rental_prices,407,6,79,322,0,-3.662861538549036,0,1,-4.158096134041966,-3.1957570269395434,-2.3037748898777957
2022,Latasha Thomas,Roderick Sawyer,home_sales; rental_prices,170,0,109,61,0,-2.2458796267041614,0,1,-3.0210384502468925,-1.9941926625536401,-0.9800221330571225
2022,Latasha Thomas,Thomas Murphy,home_sales,50,0,0,50,0,-4.335174923355974,0,1,-5.461793097466256,-3.9584450474743935,-2.568540947432469
2022,Leslie Hairston,Michelle A. Harris,density_multifamily; home_sales; rental_prices,1360,5,990,365,0,-1.572097963552428,0,1,-2.1254826284378945,-1.3274468932233288,-0.562687162315808
2022,Leslie Hairston,Toni Preckwinkle,home_sales,61,0,0,61,0,-2.1462783654140796,0,1,-2.899129850671149,-1.916352035058258,-0.8070088782467489
2022,Leslie Hairston,William D. Burns,density_multifamily; home_sales; rental_prices,8859,1,8802,56,0,-2.143479216695671,0,1,-2.931915343309343,-1.8921513076703613,-0.8632998353437642
2022,Marty Quinn,Toni Foulkes,home_sales; rental_prices,61,0,11,50,0,2.828300678427465,1,1,1.472422214000384,2.4835536315479505,3.5854948915154985
2022,Roberto Maldonado,Scott Waguespack,home_sales; rental_prices,363,0,326,37,0,-1.165758062706393,0,1,-1.5746595425658165,-0.9622948911218233,-0.3999908003117955
2022,Ted Thomas,Thomas Murphy,home_sales,57,0,0,57,0,-3.5013916327653747,0,1,-5.263379829053735,-3.434849568741048,-1.7375326421122061
2022,Toni Foulkes,Willie Cochran,home_sales; rental_prices,306,0,205,101,0,-1.8720058404871915,0,1,-2.534560490490088,-1.640984749754404,-0.7574535707558986
