score_vintage,alderman_a,alderman_b,analyses,n_analysis_rows,n_density_multifamily,n_rental_prices,n_home_sales,n_permit_event_study,production_difference,probability_a_more_stringent,probability_production_order_retained,difference_p025,difference_median,difference_p975
2014,Michelle A. Harris,Natashia Holmes,permit_event_study,9,0,0,0,9,-0.02625057212463678,0.5025,0.4975,-1.3452581057125903,0.004773673600402005,1.3212805437343282
2014,Daniel Solis,George Cardenas,permit_event_study,9,0,0,0,9,0.015516107235935772,0.508,0.508,-0.9451597656808466,0.008147389262644467,0.9604978919017562
2014,Jason Ervin,Michael Chandler,permit_event_study,50,0,0,0,50,-0.03480416653354343,0.476,0.524,-1.0984472754055812,-0.028983923317543483,1.1003198942145094
2014,Jason Ervin,Robert Fioretti,permit_event_study,45,0,0,0,45,-0.06663832580458756,0.4525,0.5475,-0.9285620979987476,-0.05144478402458362,0.8299986681393369
2014,James Balcer,Pat Dowell,permit_event_study,6,0,0,0,6,0.11520874148547378,0.556,0.556,-0.7879708154772693,0.061847041581897605,0.8729350961190002
2014,Ed Burke,Michael Zalewski,permit_event_study,37,0,0,0,37,0.07415968305671344,0.5685,0.5685,-0.9099864548864589,0.09413297065436704,1.2456632873509847
2014,Proco Joe Moreno,"Walter Burnett, Jr.",permit_event_study,12,0,0,0,12,0.08016758519288458,0.577,0.577,-0.5796875971988253,0.06031533536903835,0.7330576674647135
2014,Michelle A. Harris,Roderick Sawyer,permit_event_study,63,0,0,0,63,0.1653147789334544,0.588,0.588,-1.0785714773346897,0.14040731820064317,1.3490743094433526
2014,Emma Mitts,Ray Suarez,permit_event_study,1,0,0,0,1,-0.10115064698215531,0.4115,0.5885,-0.9563210314143237,-0.09008660472184482,0.760569839788737
2014,Deborah Graham,Jason Ervin,permit_event_study,9,0,0,0,9,-0.17007626063137612,0.4065,0.5935,-1.2418323244981349,-0.1553167853701809,1.0495458043378303
2014,Ameya Pawar,Scott Waguespack,permit_event_study,20,0,0,0,20,-0.11846310224316275,0.3855,0.6145,-0.8318884080381452,-0.10291047993078124,0.6085856862727431
2014,Deborah Graham,Michael Chandler,permit_event_study,14,0,0,0,14,-0.20488042716491955,0.3845,0.6155,-1.299169047823686,-0.17280951979776513,0.9061062081140534
2014,George Cardenas,James Balcer,permit_event_study,47,0,0,0,47,0.18033105092557056,0.633,0.633,-0.8027551826864652,0.15997504138132107,1.1168651893490311
2014,Rey Colon,Roberto Maldonado,permit_event_study,75,0,0,0,75,0.1383818752497934,0.6335,0.6335,-0.6138207344742038,0.14225451882262902,0.9195183811484277
2014,Scott Waguespack,"Walter Burnett, Jr.",permit_event_study,15,0,0,0,15,-0.08949121946012695,0.363,0.637,-0.5965233643620218,-0.09464776452777664,0.43847441028899836
2014,Margaret Laurino,Timothy Cullerton,permit_event_study,8,0,0,0,8,0.16091845986366196,0.6375,0.6375,-0.7308495300178643,0.17383497466819967,1.1275378134419902
2014,Harry Osterman,Joe Moore,permit_event_study,8,0,0,0,8,0.17366082728128174,0.641,0.641,-0.930366677162245,0.20579290388753327,1.356385362490622
2014,Daniel Solis,James Balcer,permit_event_study,26,0,0,0,26,0.19584715816150633,0.6605,0.6605,-0.6641947731646276,0.16888752868203516,0.9969586054243885
2014,Deborah Graham,Emma Mitts,permit_event_study,4,0,0,0,4,0.2557559877487097,0.669,0.669,-0.8812331881668741,0.23361950695194664,1.2831848285199772
2014,Ed Burke,Ricardo Munoz,permit_event_study,1,0,0,0,1,0.2945996585436357,0.6825,0.6825,-0.7024925639786787,0.2510542993239766,1.3173437787433024
2014,Pat Dowell,Willie Cochran,permit_event_study,87,0,0,0,87,0.1932468450071484,0.6855,0.6855,-0.6481794430262723,0.20845565552469647,1.1207825006325203
2014,Proco Joe Moreno,Scott Waguespack,permit_event_study,96,0,0,0,96,0.16965880465301153,0.7065,0.7065,-0.46297147516698894,0.15904945772785153,0.7289027018250999
2014,Daniel Solis,Pat Dowell,permit_event_study,2,0,0,0,2,0.3110558996469801,0.7175,0.7175,-0.6333613755454172,0.23389002550504784,1.0779017760406902
2014,Jason Ervin,"Walter Burnett, Jr.",permit_event_study,2,0,0,0,2,-0.30188003409537745,0.266,0.734,-1.1244003008577237,-0.27989998169559926,0.6278503031335468
2014,Emma Mitts,Jason Ervin,permit_event_study,63,0,0,0,63,-0.4258322483800859,0.231,0.769,-1.3801367337569304,-0.37929210347470177,0.6267144055036069
2014,Ariel Reboyras,Deborah Graham,permit_event_study,32,0,0,0,32,0.4420881635791428,0.774,0.774,-0.6943482539739757,0.3781999679077289,1.464019283790833
2014,Robert Fioretti,"Walter Burnett, Jr.",permit_event_study,68,0,0,0,68,-0.2352417082907899,0.2185,0.7815,-0.7805719684536956,-0.23012684953257187,0.34297015424993016
2014,JoAnn Thompson,Toni Foulkes,permit_event_study,76,0,0,0,76,-0.4804335287607331,0.207,0.793,-1.3913316317223257,-0.3879833334635263,0.5827652664479599
2014,Roderick Sawyer,Willie Cochran,permit_event_study,23,0,0,0,23,-0.576207675338401,0.203,0.797,-1.6146128454882798,-0.5055637900952987,0.6571986814966717
2014,Howard Brookins,Lona Lane,permit_event_study,21,0,0,0,21,0.5722928325064407,0.7975,0.7975,-0.5891683978209453,0.4914113479109142,1.717526457161861
2014,Ed Burke,George Cardenas,permit_event_study,34,0,0,0,34,-0.49914776315905074,0.1985,0.8015,-1.5173735708220102,-0.44736942491691806,0.6367085143391796
2014,James Cappleman,Tom Tunney,permit_event_study,14,0,0,0,14,-0.41068289628446963,0.1935,0.8065,-1.479720183643878,-0.44724201305628036,0.5418970620844786
2014,Pat Dowell,William D. Burns,permit_event_study,2,0,0,0,2,-0.5723090823362028,0.1805,0.8195,-1.5528306428361347,-0.5330708308325971,0.6429321709884204
2014,Ariel Reboyras,Timothy Cullerton,permit_event_study,27,0,0,0,27,0.5599515770412751,0.84,0.84,-0.46708017825923587,0.5081238115002162,1.5271251266975332
2014,John Arena,Margaret Laurino,permit_event_study,52,0,0,0,52,0.5707637183380146,0.8465,0.8465,-0.41786840240911627,0.4790869861512772,1.4848823436652223
2014,Ariel Reboyras,Ray Suarez,permit_event_study,91,0,0,0,91,0.5966935043456972,0.874,0.874,-0.3679106403541052,0.519387563007657,1.4133908012357728
2014,John Arena,Timothy Cullerton,permit_event_study,53,0,0,0,53,0.7316821782016766,0.876,0.876,-0.4828512600985581,0.6385557628337759,1.7803808989025334
2014,Leslie Hairston,Michelle A. Harris,permit_event_study,12,0,0,0,12,-0.6148712235416219,0.115,0.885,-1.4466161400508255,-0.5676175373023076,0.321959367465176
2014,Latasha Thomas,Toni Foulkes,permit_event_study,18,0,0,0,18,0.752300696576292,0.887,0.887,-0.43302146357166166,0.6602538446588293,1.711548197598269
2014,George Cardenas,Ricardo Munoz,permit_event_study,18,0,0,0,18,0.7937474217026864,0.8935,0.8935,-0.4272697125227391,0.7064663258936645,1.7947265707738775
2014,Pat Dowell,Robert Fioretti,permit_event_study,48,0,0,0,48,0.49539301835206695,0.896,0.896,-0.2750220421236637,0.5090121483310492,1.2309808140313485
2014,Ameya Pawar,Harry Osterman,permit_event_study,1,0,0,0,1,-0.7752718189046969,0.0995,0.9005,-1.8643362024146701,-0.7398407461209573,0.41245992527549025
2014,Ariel Reboyras,Emma Mitts,permit_event_study,3,0,0,0,3,0.6978441513278526,0.9105,0.9105,-0.2752584564377565,0.6206144615187594,1.498207726187858
2014,George Cardenas,Jason Ervin,permit_event_study,14,0,0,0,14,0.8575711365676989,0.9175,0.9175,-0.3255714621203548,0.772457642741231,1.8553536654623282
2014,George Cardenas,Michael Chandler,permit_event_study,13,0,0,0,13,0.8227669700341554,0.9175,0.9175,-0.31499299660529206,0.7432610062798073,1.8093518547550682
2014,Anthony Beale,Roderick Sawyer,permit_event_study,48,0,0,0,48,1.0292242819032564,0.94,0.94,-0.24012576788370937,0.9338856357595964,2.160980996394727
2014,John Arena,Mary O'Connor,permit_event_study,31,0,0,0,31,-0.9722869496810309,0.06,0.94,-2.021779769143731,-0.8993480575048055,0.22844244813241513
2014,Ameya Pawar,James Cappleman,permit_event_study,19,0,0,0,19,1.010543766931855,0.9505,0.9505,-0.1952643372519377,0.9812267826097205,2.040653083433177
2014,Emma Mitts,"Walter Burnett, Jr.",permit_event_study,26,0,0,0,26,-0.7277122824754634,0.0485,0.9515,-1.482200812521135,-0.6587119540993809,0.13482958316324517
2014,Ariel Reboyras,Rey Colon,permit_event_study,44,0,0,0,44,0.7574614297943818,0.9545,0.9545,-0.10985689500678417,0.6578310865809204,1.4442644501242126
2014,Ariel Reboyras,Roberto Maldonado,permit_event_study,33,0,0,0,33,0.8958433050441752,0.955,0.955,-0.13867860976133622,0.7798300813548168,1.7416993421397375
2014,Lona Lane,Marty Quinn,permit_event_study,15,0,0,0,15,-1.157715464008084,0.0435,0.9565,-2.2729820310678543,-1.0601974992530798,0.13093408355334432
2014,Daniel Solis,Jason Ervin,permit_event_study,26,0,0,0,26,0.8730872438036347,0.958,0.958,-0.0985649254217522,0.7799952922724374,1.7072595151010084
2014,Debra Silverstein,Joe Moore,permit_event_study,11,0,0,0,11,1.0567416515672166,0.9595,0.9595,-0.1119848587665734,0.9399119957461243,1.9721984379943722
2014,Michele Smith,Scott Waguespack,permit_event_study,39,0,0,0,39,-0.7163764154193377,0.0355,0.9645,-1.347028371612599,-0.6064672022414619,0.050197658792782734
2014,Brendan Reilly,Robert Fioretti,permit_event_study,22,0,0,0,22,-0.6335530978974805,0.0305,0.9695,-1.1152480442008268,-0.5423773495025669,0.02395237774783601
2014,Marty Quinn,Michael Zalewski,permit_event_study,55,0,0,0,55,1.2319803771110054,0.97,0.97,-0.07234328263708202,1.1780236262148849,2.51008805286776
2014,Margaret Laurino,Patrick O'Connor,permit_event_study,36,0,0,0,36,0.8076910048415651,0.9705,0.9705,-0.027835610610209758,0.7035106998621906,1.4365849531343748
2014,Latasha Thomas,Roderick Sawyer,permit_event_study,51,0,0,0,51,-1.3404315185673041,0.029,0.971,-2.4903103357266376,-1.2433117883108737,0.05809942046211283
2014,Ariel Reboyras,Nicholas Sposato,permit_event_study,8,0,0,0,8,-1.1804330915946941,0.0275,0.9725,-2.23788526259789,-1.127030599952684,0.03338482465815281
2014,Deb Mell,Rey Colon,permit_event_study,54,0,0,0,54,-1.1812003175084862,0.0255,0.9745,-2.358744313078918,-1.1437755041980195,0.0023960842083934134
2014,Michele Smith,"Walter Burnett, Jr.",permit_event_study,9,0,0,0,9,-0.8058676348794647,0.0225,0.9775,-1.405232688749769,-0.7119149301274024,-0.016440512936120893
2014,Roberto Maldonado,"Walter Burnett, Jr.",permit_event_study,27,0,0,0,27,-0.925711436191786,0.02,0.98,-1.5697006811213485,-0.8313582266229682,-0.025757065111188367
2014,Carrie Austin,Howard Brookins,permit_event_study,46,0,0,0,46,-1.4357784175877755,0.0195,0.9805,-2.530113591554297,-1.3223995704917026,-0.12162992874477409
2014,JoAnn Thompson,Latasha Thomas,permit_event_study,12,0,0,0,12,-1.232734225337025,0.019,0.981,-2.0612062016255965,-1.0467933630030641,-0.10125169651483902
2014,Robert Fioretti,William D. Burns,permit_event_study,20,0,0,0,20,-1.0677021006882699,0.0165,0.9835,-1.9767927796416471,-1.0253455818227384,-0.0752056059059716
2014,Ameya Pawar,Patrick O'Connor,permit_event_study,59,0,0,0,59,1.0286379314634995,0.984,0.984,0.07971881525373502,0.8974411871212894,1.740864128798193
2014,Proco Joe Moreno,Roberto Maldonado,permit_event_study,80,0,0,0,80,1.0058790213846704,0.985,0.985,0.07661329203573926,0.8797748143646211,1.7164875755821858
2014,Daniel Solis,Robert Fioretti,permit_event_study,31,0,0,0,31,0.806448917999047,0.9875,0.9875,0.09770198595176997,0.7343792587633363,1.4006056648027045
2014,Leslie Hairston,Willie Cochran,permit_event_study,6,0,0,0,6,-1.0257641199465684,0.0125,0.9875,-1.70002116540375,-0.9071860659704423,-0.1271893361271685
2014,Proco Joe Moreno,Rey Colon,permit_event_study,42,0,0,0,42,0.867497146134877,0.988,0.988,0.1144576680553234,0.7476316548086671,1.4009697987765715
2014,Deborah Graham,Nicholas Sposato,permit_event_study,25,0,0,0,25,-1.622521255173837,0.0105,0.9895,-2.7880224931757063,-1.5080103110272676,-0.21218440541828157
2014,Scott Waguespack,Tom Tunney,permit_event_study,3,0,0,0,3,0.7183239728905484,0.9895,0.9895,0.10952278078329113,0.6212656827768973,1.154915878448892
2014,Brendan Reilly,"Walter Burnett, Jr.",permit_event_study,8,0,0,0,8,-0.8687948061882704,0.009,0.991,-1.3669312155950115,-0.770826792081081,-0.15842751781994158
2014,Harry Osterman,James Cappleman,permit_event_study,18,0,0,0,18,1.785815585836552,0.9925,0.9925,0.389148902047401,1.6934428677696558,2.970204183151907
2014,Deb Mell,Margaret Laurino,permit_event_study,28,0,0,0,28,-1.5396286301252549,0.006,0.994,-2.648601757378039,-1.4441969308948068,-0.31878732850425656
2014,Carrie Austin,Matthew O'Shea,permit_event_study,5,0,0,0,5,-1.7024187771347463,0.005,0.995,-2.6919210073994084,-1.5509565576880902,-0.3809283568744078
2014,Margaret Laurino,Mary O'Connor,permit_event_study,2,0,0,0,2,-1.5430506680190454,0.002,0.998,-2.335743144069032,-1.3899871215067834,-0.4950799552418145
2014,Nicholas Sposato,Timothy Cullerton,permit_event_study,77,0,0,0,77,1.7403846686359694,0.998,0.998,0.4147075713978271,1.6352669809511682,2.8876289037640643
2014,Leslie Hairston,William D. Burns,permit_event_study,34,0,0,0,34,-1.7913200472899198,0.0015,0.9985,-2.6519459576110145,-1.6657044674795294,-0.6282087166766749
2014,Harry Osterman,Patrick O'Connor,permit_event_study,18,0,0,0,18,1.8039097503681962,0.999,0.999,0.5883678412540517,1.637292729471782,2.6754474908904986
2014,Deb Mell,Proco Joe Moreno,permit_event_study,28,0,0,0,28,-2.0486974636433635,0,1,-3.117094790418571,-1.894416607491974,-0.7960949058722272
2014,Debra Silverstein,Margaret Laurino,permit_event_study,2,0,0,0,2,1.8792995698125659,1,1,0.7055089562809258,1.677798769340125,2.6516889355202053
2014,Debra Silverstein,Patrick O'Connor,permit_event_study,30,0,0,0,30,2.686990574654131,1,1,1.4061041411725679,2.3687436893772733,3.3188207106653826
2014,Ed Burke,JoAnn Thompson,permit_event_study,18,0,0,0,18,3.139012293501872,1,1,1.8649173770252228,2.7816477414233125,3.7399948544440513
2014,Howard Brookins,Latasha Thomas,permit_event_study,23,0,0,0,23,2.4786761307174956,1,1,1.171422741589785,2.2629799704330575,3.388944334577558
2014,JoAnn Thompson,Roderick Sawyer,permit_event_study,5,0,0,0,5,-2.573165743904329,0,1,-3.5063342025094903,-2.2905154452027707,-1.121507754060407
2014,JoAnn Thompson,Willie Cochran,permit_event_study,62,0,0,0,62,-3.14937341924273,0,1,-3.7056501440452436,-2.781432509801096,-1.9031823471891967
2014,Joe Moore,Patrick O'Connor,permit_event_study,41,0,0,0,41,1.6302489230869144,1,1,0.5814613731974766,1.4200386623170933,2.333615820661358
2014,Latasha Thomas,Lona Lane,permit_event_study,24,0,0,0,24,-1.906383298211055,0,1,-2.855451042621876,-1.7637396327567834,-0.6492530880925774
2022,Dick Mell,Eugene Schulter,home_sales,56,0,0,56,0,0.012990302793511987,0.4395,0.4395,-0.9156368454543211,-0.06542308949160092,0.8173861853333381
2022,Carrie Austin,Matthew O'Shea,home_sales; rental_prices,351,0,125,226,0,-0.02963939229812218,0.521,0.479,-0.9403327772384238,0.02985417408945673,1.0111543433115946
2022,Chris Taliaferro,Monique Scott,home_sales; rental_prices,3,0,1,2,0,-0.10635567700907245,0.5065,0.4935,-1.9329459408632497,0.010618236611832796,1.8082150853005752
2022,Emma Mitts,Ray Suarez,density_multifamily; home_sales; rental_prices,204,1,5,198,0,-0.019859671459496298,0.491,0.509,-0.8587964575665363,-0.007981859362848946,0.8647566964723576
2022,Michael Scott Jr.,Ricardo Munoz,home_sales; rental_prices,218,0,141,77,0,-0.020494516619010167,0.491,0.509,-1.0004213020913735,-0.011317668312106843,0.9829110209592383
2022,Gregory Mitchell,Susan Sadlowski Garza,home_sales; rental_prices,1078,0,556,522,0,-0.012821103979558074,0.4845,0.5155,-1.242843685874844,-0.022090254865208145,1.1998744202417382
2022,Ricardo Munoz,Sharon Denise Dixon,density_multifamily; home_sales,81,4,0,77,0,0.052113428799169054,0.516,0.516,-0.9502666881383192,0.016367080339777185,1.013248467316562
2022,Ed Burke,Marty Quinn,home_sales; rental_prices,40,0,1,39,0,0.056170432295935324,0.522,0.522,-0.8801140382213937,0.021501720958777337,0.9439413455734728
2022,Matt Martin,Tom Tunney,density_multifamily; home_sales; rental_prices,1681,4,1577,100,0,0.05241668363935549,0.525,0.525,-0.8709192380453392,0.026618174023595155,0.8367131741887339
2022,Jeanette Taylor,Nicole Lee,home_sales; rental_prices,14,0,6,8,0,0.10519479632989948,0.526,0.526,-1.5890447158013665,0.05955335554489888,1.765132888673587
2022,Ariel Reboyras,Felix Cardona Jr.,density_multifamily; home_sales; rental_prices,1324,5,866,453,0,-0.04450724815702821,0.473,0.527,-1.260375190553966,-0.043061846429276046,1.1992303476749333
2022,George Cardenas,Michael Rodriguez,density_multifamily; home_sales; rental_prices,174,1,92,81,0,0.05753780498058372,0.527,0.527,-1.3287052812292808,0.054831070613345946,1.365646185491079
2022,Emma Mitts,Roberto Maldonado,density_multifamily; home_sales; rental_prices,412,1,263,148,0,0.02188248026615991,0.53,0.53,-0.7201392710032991,0.020913248255214838,0.7671314531609363
2022,Billy Ocasio,Rey Colon,density_multifamily; home_sales,275,5,0,270,0,-0.06877422814834433,0.4695,0.5305,-1.060907526056024,-0.04455323550599638,0.9785559010824991
2022,Ariel Reboyras,Ray Suarez,density_multifamily; home_sales; rental_prices,1303,4,291,1008,0,0.050212346387406334,0.531,0.531,-0.7731726195341769,0.03198751862306788,0.9203164076811722
2022,Billy Ocasio,"Walter Burnett, Jr.",density_multifamily; home_sales,114,8,0,106,0,-0.06780097480033909,0.469,0.531,-0.9262460751044805,-0.03805175008911868,0.917742038696844
2022,Ariel Reboyras,Nicholas Sposato,home_sales; rental_prices,5,0,2,3,0,-0.03984926688160579,0.4685,0.5315,-0.8968838205616689,-0.03879425498307399,0.8334773344799202
2022,Bernard Stone,Patrick O'Connor,density_multifamily; home_sales,115,1,0,114,0,-0.027205172147515277,0.4665,0.5335,-0.9052505074254392,-0.04097804131893277,0.7747441629484833
2022,Andre Vasquez,Harry Osterman,density_multifamily; home_sales; rental_prices,916,2,832,82,0,0.09131747573393109,0.5375,0.5375,-1.0728959003602383,0.06857447917337266,1.2325305026091122
2022,Michele Smith,"Walter Burnett, Jr.",density_multifamily; home_sales; rental_prices,642,3,631,8,0,0.053256429267130034,0.538,0.538,-0.5051810585251484,0.024394645562280964,0.5871129717853744
2022,Gilbert Villegas,Jim Gardiner,home_sales,1,0,0,1,0,0.12457420721301499,0.547,0.547,-1.2232677976350197,0.08536759171529756,1.4594862911089512
2022,Brendan Reilly,Michele Smith,density_multifamily; home_sales; rental_prices,2163,1,2119,43,0,0.05322691374329802,0.549,0.549,-0.5768764090146136,0.03752126203673263,0.6723843901953594
2022,Pat Dowell,Patrick Daley Thompson,home_sales; rental_prices,103,0,25,78,0,0.07351396050495296,0.554,0.554,-0.6849133074655599,0.05056006767211629,0.8406120582243019
2022,George Cardenas,Michael Chandler,home_sales; rental_prices,78,0,38,40,0,0.06159684163384896,0.5545,0.5545,-1.065522279851125,0.07345674795838426,1.1560051486265912
2022,Brendan Reilly,Robert Fioretti,rental_prices,1408,0,1408,0,0,-0.03999319076548036,0.438,0.562,-0.6994081966196936,-0.057144884370191384,0.5708305308006397
2022,Carrie Austin,Howard Brookins,density_multifamily; home_sales; rental_prices,329,2,62,265,0,0.08430644923645658,0.5635,0.5635,-0.9781797384778117,0.08986555770194235,1.1625212560473335
2022,Ariel Reboyras,Emma Mitts,home_sales; rental_prices,178,0,1,177,0,0.07007201784690263,0.5645,0.5645,-0.6756277614719565,0.06794511862566266,0.8130428462384099
2022,Brian Hopkins,Daniel La Spata,density_multifamily; home_sales; rental_prices,4408,13,4114,281,0,-0.10577224624676218,0.4295,0.5705,-1.0481559033675618,-0.09032145787866949,0.8770767628954703
2022,Howard Brookins,Matthew O'Shea,home_sales; rental_prices,208,0,60,148,0,-0.11394584153457876,0.429,0.571,-0.8949362835252636,-0.0590100667666002,0.7766247209437797
2022,Emma Mitts,Jason Ervin,density_multifamily; home_sales; rental_prices,494,1,175,318,0,-0.08910832217911553,0.426,0.574,-0.8243163619645915,-0.07775131481600145,0.7175831016057533
2022,George Cardenas,Jason Ervin,home_sales; rental_prices,66,0,25,41,0,-0.10736346029743123,0.422,0.578,-0.9382562352181468,-0.08148986477942538,0.7436711279815155
2022,Frank Olivo,Ted Thomas,home_sales,26,0,0,26,0,-0.44207597461207015,0.421,0.579,-1.700226427857123,-0.18541918380419908,1.5442007653933612
2022,Brian Doherty,Patrick Levar,home_sales,236,0,0,236,0,0.1433794605732086,0.5915,0.5915,-0.8250466098503638,0.11897575132679167,1.0453356707452652
2022,Isaac Carothers,William Banks,home_sales,127,0,0,127,0,0.21503976585220075,0.5925,0.5925,-1.0892229271285765,0.15462143137782525,1.3802054246151496
2022,Ariel Reboyras,Roberto Maldonado,home_sales; rental_prices,110,0,42,68,0,0.09195449811306254,0.594,0.594,-0.6496248527984811,0.08987659809752235,0.8243210652863115
2022,Brendan Reilly,"Walter Burnett, Jr.",density_multifamily; home_sales; rental_prices,18825,9,18807,9,0,0.10648334301042806,0.5955,0.5955,-0.503901076541811,0.06739058853840244,0.6537123231658865
2022,Ed Smith,Michael Chandler,density_multifamily; home_sales,171,13,0,158,0,-0.19959544309048452,0.3955,0.6045,-1.3042095461734033,-0.1458486141993178,0.9634877078536317
2022,Patrick Levar,Thomas Allen,density_multifamily; home_sales,401,1,0,400,0,0.15511413650161576,0.6095,0.6095,-0.9643407602581608,0.14436747925861354,1.2283945565713201
2022,Ameya Pawar,Proco Joe Moreno,home_sales; rental_prices,21,0,17,4,0,0.09538416096257651,0.612,0.612,-0.49032578612065003,0.07738516852611255,0.6620746186883255
2022,Thomas Allen,William Banks,density_multifamily; home_sales,217,1,0,216,0,0.20233576648343699,0.6155,0.6155,-0.9192548440872719,0.1642551897977392,1.3198866308897261
2022,David Moore,Stephanie Coleman,home_sales; rental_prices,522,0,205,317,0,0.19326648298597726,0.618,0.618,-1.1847302319742554,0.20003074648917182,1.556920757845348
2022,Jason Ervin,Michael Chandler,home_sales; rental_prices,257,0,169,88,0,0.1689603019312802,0.6285,0.6285,-0.8769849971476745,0.1605164696471557,1.1731746290417293
2022,Robert Fioretti,Shirley Newsome,home_sales,1,0,0,1,0,0.4319769043391254,0.629,0.629,-3.401705609083317,0.2783734636269691,2.2001360906976704
2022,Daniel La Spata,Roberto Maldonado,density_multifamily; home_sales; rental_prices,3302,13,2868,421,0,-0.19580089231533043,0.364,0.636,-1.0952559687947405,-0.1570749075435363,0.7988969426770514
2022,Daniel Solis,William D. Burns,density_multifamily; rental_prices,909,1,908,0,0,-0.12825818888175267,0.3635,0.6365,-1.2116643754384064,-0.1845552686436837,0.789384033533181
2022,John Arena,Margaret Laurino,density_multifamily; home_sales; rental_prices,984,2,583,399,0,-0.17313995099474225,0.363,0.637,-0.92051920090245,-0.13470807405157742,0.6376844663413852
2022,Jeanette Taylor,Stephanie Coleman,density_multifamily; home_sales; rental_prices,331,1,154,176,0,0.2524080857632551,0.6415,0.6415,-1.1413368715606858,0.24591325792384308,1.5993180506509626
2022,Michael Rodriguez,Monique Scott,home_sales; rental_prices,31,0,17,14,0,0.25561082767616516,0.643,0.643,-1.887816598095867,0.3246467190946821,2.249348063499801
2022,Gregory Mitchell,Michelle A. Harris,density_multifamily; home_sales; rental_prices,1614,1,879,734,0,-0.24682377892248675,0.3525,0.6475,-1.2185342630417257,-0.17724560063773126,0.8632705029178769
2022,Fredrenna Lyle,Todd Stroger,home_sales,88,0,0,88,0,-0.2990698746687674,0.352,0.648,-1.6926389368900034,-0.2565727320360367,1.1919412464711607
2022,Helen Shiller,Tom Tunney,density_multifamily; home_sales,65,4,0,61,0,0.18791422032289382,0.649,0.649,-0.6534897859784619,0.1632361673314504,1.0346284756237174
2022,Darcel Beavers,Leslie Hairston,home_sales,8,0,0,8,0,-0.12740362802783434,0.3425,0.6575,-2.6157049024143557,-0.2998942003423092,1.1964676728303747
2022,Fredrenna Lyle,Willie Cochran,density_multifamily; home_sales,144,5,0,139,0,-0.22029067175833467,0.341,0.659,-1.083880001773048,-0.17556079970937868,0.6686358178800397
2022,Deborah Graham,John Rice,home_sales,31,0,0,31,0,-0.34877626853022586,0.33,0.67,-1.6830099386276112,-0.32180193538466617,1.0407323116467002
2022,Robert Fioretti,"Walter Burnett, Jr.",density_multifamily; home_sales; rental_prices,1726,24,1610,92,0,0.1464765337759084,0.672,0.672,-0.4449489903374846,0.1296491821612377,0.7016857251480456
2022,George Cardenas,Monique Scott,home_sales; rental_prices,104,0,93,11,0,0.3131486326567489,0.6725,0.6725,-1.6116677583642578,0.353577285344545,2.2013318433627616
2022,Pat Dowell,Toni Preckwinkle,density_multifamily; home_sales,91,18,0,73,0,-0.21976589792664092,0.327,0.673,-1.2542601105816378,-0.24352785075985461,0.7733339167383064
2022,Frank Olivo,Toni Foulkes,home_sales,49,0,0,49,0,-0.2913184383049401,0.325,0.675,-1.4697314939388897,-0.2680545876810849,0.8242174527230856
2022,Ed Smith,George Cardenas,density_multifamily; home_sales,72,3,0,69,0,-0.2611922847243335,0.3235,0.6765,-1.227320320157149,-0.2284602111433554,0.7801124852683028
2022,Harry Osterman,Joe Moore,home_sales; rental_prices,756,0,729,27,0,-0.2601540424517247,0.323,0.677,-1.170325505096793,-0.23591678612812095,0.7353131940712224
2022,Ariel Reboyras,Margaret Laurino,density_multifamily; home_sales; rental_prices,25,1,5,19,0,0.14702344764870873,0.678,0.678,-0.5797352665120842,0.1631552626282587,0.8736285534726467
2022,Harry Osterman,Matt Martin,home_sales; rental_prices,297,0,254,43,0,0.2723644650784986,0.679,0.679,-0.7309430439079885,0.24421624859696245,1.2395805323269191
2022,Roderick Sawyer,Stephanie Coleman,home_sales; rental_prices,159,0,82,77,0,-0.35184345407883433,0.32,0.68,-1.490109327070223,-0.31481786147063284,0.9136684159632779
2022,Andre Vasquez,Samantha Nugent,home_sales; rental_prices,109,0,73,36,0,0.4001935719581728,0.6815,0.6815,-1.059124153111083,0.3121082163403107,1.6980417589488859
2022,David Moore,Silvana Tabares,home_sales; rental_prices,122,0,64,58,0,-0.3877658776738564,0.3165,0.6835,-1.6702350305033293,-0.34595543111232874,1.0599434585305838
2022,Andre Vasquez,Matt Martin,home_sales; rental_prices,1597,0,1456,141,0,0.3636819408124297,0.6905,0.6905,-0.82090327510913,0.3021103970515213,1.5307475347497188
2022,George Cardenas,Nicole Lee,home_sales; rental_prices,7,0,4,3,0,-0.3422667376705287,0.3035,0.6965,-1.854159823386924,-0.33874454858032355,1.2364889399714198
2022,Deborah Graham,Ed Smith,density_multifamily; home_sales,6,1,0,5,0,-0.3302225994250799,0.3005,0.6995,-1.504415174942734,-0.2972206221964352,0.8639191511860475
2022,Leslie Hairston,Natashia Holmes,home_sales; rental_prices,123,0,109,14,0,-0.4359447852928805,0.3,0.7,-1.629645460263402,-0.3426787604340119,0.8857088077194797
2022,Ed Smith,Emma Mitts,home_sales,361,0,0,361,0,-0.2794474228426492,0.2995,0.7005,-1.17618717313543,-0.24464246494398628,0.668418269326397
2022,Jim Gardiner,Nicholas Sposato,density_multifamily; home_sales; rental_prices,645,2,324,319,0,0.3379453065562027,0.7025,0.7025,-0.8880015885679593,0.32585548982450335,1.4719924175473016
2022,Jim Gardiner,Samantha Nugent,density_multifamily; home_sales; rental_prices,603,4,307,292,0,0.425971181297545,0.7025,0.7025,-0.9806829332122984,0.3817718528853077,1.7090873590929132
2022,Jason Ervin,Michael Scott Jr.,home_sales; rental_prices,726,0,485,241,0,-0.297405361173693,0.297,0.703,-1.200273098345878,-0.2586139836302864,0.6810351669874357
2022,Anthony Beale,Carrie Austin,density_multifamily; home_sales; rental_prices,1819,3,418,1398,0,0.42177772742979125,0.704,0.704,-0.7449598165577102,0.28610062993491614,1.4025986344801413
2022,Jason Ervin,Sharon Denise Dixon,home_sales,15,0,0,15,0,-0.2657864489935341,0.2955,0.7045,-1.1301258341724627,-0.24916133417330957,0.6786561935250142
2022,Pat Dowell,Shirley Newsome,home_sales,6,0,0,6,0,0.6867449946704499,0.707,0.707,-3.2999895802310673,0.48701206534134567,2.46378705294557
2022,Daniel Solis,Pat Dowell,rental_prices,187,0,187,0,0,0.26138310041873114,0.7125,0.7125,-0.4860869425715804,0.2050003684606283,0.9481667573165986
2022,John Arena,Timothy Cullerton,home_sales; rental_prices,490,0,138,352,0,0.3184113271292491,0.716,0.716,-0.7052178649720249,0.29214347925577555,1.2778880883518262
2022,Pat Dowell,Robert Fioretti,density_multifamily; home_sales; rental_prices,2391,3,2319,69,0,0.2547680903313245,0.718,0.718,-0.5005820963839973,0.22331156405058442,0.9424048142330759
2022,Isaac Carothers,John Rice,home_sales,14,0,0,14,0,-0.4921866025794936,0.2795,0.7205,-1.8577913066344607,-0.4312015624238341,0.9681661497885821
2022,Felix Cardona Jr.,Gilbert Villegas,home_sales; rental_prices,142,0,76,66,0,-0.45786153249379524,0.279,0.721,-1.8186756586107282,-0.3992304907794413,1.0212444980976612
2022,Michael Rodriguez,Michael Scott Jr.,home_sales; rental_prices,150,0,56,94,0,-0.46230662645170795,0.2785,0.7215,-1.7109294614540769,-0.37001991829521974,0.8756518844567979
2022,Ariel Reboyras,Jim Gardiner,density_multifamily; home_sales; rental_prices,505,2,240,263,0,-0.3777945734378085,0.278,0.722,-1.4111553270189983,-0.3405768350207015,0.7572010280508445
2022,Ed Smith,Madeline Haithcock,density_multifamily; home_sales,138,10,0,128,0,-0.33515399353992203,0.2755,0.7245,-1.2070341308973853,-0.27931379825022595,0.6651121030255573
2022,Proco Joe Moreno,Scott Waguespack,density_multifamily; home_sales; rental_prices,4913,39,4016,858,0,0.15252310960383775,0.7245,0.7245,-0.34105005885802314,0.13592002182728258,0.6313681963205329
2022,James Balcer,Pat Dowell,density_multifamily; home_sales; rental_prices,95,2,30,63,0,-0.30494351693231414,0.2735,0.7265,-1.1033239605141336,-0.24789686525324522,0.5668908087689036
2022,Marty Quinn,Silvana Tabares,home_sales; rental_prices,1217,0,180,1037,0,0.4606851597459989,0.7285,0.7285,-0.9345430621255859,0.4013978028762674,1.7694154956674728
2022,Derrick Curtis,Marty Quinn,home_sales; rental_prices,59,0,2,57,0,0.378921010949802,0.729,0.729,-0.7349988062374687,0.3313067255264254,1.4523990164045881
2022,George Cardenas,Willie Cochran,home_sales; rental_prices,68,0,9,59,0,-0.30716690803285385,0.27,0.73,-1.1548594694927734,-0.2579372088623596,0.5658166486288285
2022,John Rice,Thomas Allen,home_sales,78,0,0,78,0,0.5048906019482573,0.7315,0.7315,-0.9602884250518207,0.41270893546194215,1.7796813755741288
2022,Bernard Stone,Margaret Laurino,home_sales,46,0,0,46,0,-0.3278506723919512,0.258,0.742,-1.1266275952973068,-0.2915381937809315,0.5775285710588205
2022,Jason Ervin,Monique Scott,home_sales; rental_prices,126,0,107,19,0,0.42051209295418013,0.7435,0.7435,-1.4698655559748015,0.44700556931438173,2.204148155963815
2022,Margaret Laurino,Patrick O'Connor,density_multifamily; home_sales; rental_prices,436,2,227,207,0,0.3006455002444359,0.7435,0.7435,-0.43210627458561646,0.23391796761602718,0.9590779635672493
2022,John Arena,Nicholas Sposato,home_sales; rental_prices,552,0,252,300,0,-0.3600126655250568,0.254,0.746,-1.2067330130890996,-0.30878575358545146,0.5671185442369929
2022,George Cardenas,Sharon Denise Dixon,density_multifamily; home_sales,24,1,0,23,0,-0.37314990929096536,0.2535,0.7465,-1.3079667250287965,-0.32469614659848056,0.6172582529287701
2022,Silvana Tabares,Stephanie Coleman,home_sales; rental_prices,59,0,35,24,0,0.5810323606598337,0.7505,0.7505,-0.932192411280928,0.5207094043650986,2.0446006443162044
2022,Theodore Matlak,Vi Daley,home_sales,52,0,0,52,0,0.4128192848695408,0.753,0.753,-0.57704516878712,0.30723104276184493,1.1665849134359174
2022,Todd Stroger,William Beavers,home_sales,36,0,0,36,0,-0.5155025169072328,0.246,0.754,-2.3310501787724736,-0.5467893466057878,1.097554370663276
2022,Ed Burke,Silvana Tabares,home_sales; rental_prices,499,0,84,415,0,0.5168555920419342,0.7545,0.7545,-0.8208405458253726,0.4191878535390499,1.6754410761329475
2022,Gilbert Villegas,Nicholas Sposato,density_multifamily; home_sales; rental_prices,699,3,93,603,0,0.4625195137692177,0.7545,0.7545,-0.6651328164011785,0.40629677277178416,1.5216715301318897
2022,George Cardenas,Michael Scott Jr.,home_sales; rental_prices,625,0,437,188,0,-0.40476882147112425,0.2445,0.7555,-1.300356621563992,-0.3477006436653082,0.6299597816538149
2022,George Cardenas,Ricardo Munoz,home_sales; rental_prices,189,0,41,148,0,-0.4252633380901344,0.241,0.759,-1.3677518722295716,-0.35072325202160637,0.678856108937491
2022,Ed Smith,Isaac Carothers,home_sales,98,0,0,98,0,0.47363293347434765,0.7605,0.7605,-0.7396844481196554,0.4158358007729054,1.6582464490331963
2022,Ariel Reboyras,John Arena,home_sales; rental_prices,484,0,243,241,0,0.320163398643451,0.7635,0.7635,-0.514555092429602,0.3008172054363415,1.080662278323118
2022,Brian Doherty,Margaret Laurino,home_sales,6,0,0,6,0,-0.39033932880913014,0.2335,0.7665,-1.1139170368422413,-0.29264237717134234,0.49704059780013354
2022,Deborah Graham,Michael Chandler,home_sales,5,0,0,5,0,-0.5298180425155644,0.2315,0.7685,-1.692840061521598,-0.4651900179648337,0.7528336690461495
2022,George Cardenas,Raymond Lopez,home_sales; rental_prices,448,0,184,264,0,0.47688892063800375,0.7685,0.7685,-0.771543353552866,0.4037014450555826,1.57977775752641
2022,Pat Dowell,William D. Burns,density_multifamily; home_sales; rental_prices,2848,5,2748,95,0,-0.3896412893004838,0.2305,0.7695,-1.4941802300698532,-0.38753326037252145,0.6115227431071204
2022,Daniel Solis,Patrick Daley Thompson,density_multifamily; home_sales; rental_prices,728,8,638,82,0,0.3348970609236841,0.77,0.77,-0.45533167104219974,0.2787017025494485,1.0049974792047682
2022,David Moore,Howard Brookins,home_sales; rental_prices,1231,0,689,542,0,-0.4863475117267,0.2275,0.7725,-1.5024459709070623,-0.4047934765111827,0.6736205306627515
2022,Ariel Reboyras,Milagros Santiago,home_sales; rental_prices,1169,0,717,452,0,0.4269450878111893,0.7735,0.7735,-0.6757327068873759,0.40175599595272804,1.405948240811009
2022,David Moore,Michael Zalewski,home_sales; rental_prices,46,0,4,42,0,0.48873907009408835,0.7825,0.7825,-0.6446990394326313,0.4493236427023506,1.6181235692179323
2022,Michael Chandler,Ricardo Munoz,density_multifamily; home_sales; rental_prices,193,3,55,135,0,-0.4868601797239833,0.2175,0.7825,-1.5391669567241384,-0.420406611021642,0.6364392660419983
2022,Jeanette Taylor,Patrick Daley Thompson,home_sales; rental_prices,24,0,8,16,0,-0.5540319265610921,0.217,0.783,-1.56241690700398,-0.44439018790614615,0.656517669635438
2022,Ariel Reboyras,Gilbert Villegas,home_sales; rental_prices,1010,0,263,747,0,-0.5023687806508235,0.2105,0.7895,-1.4872874819893331,-0.4296234742062364,0.5598837811321018
2022,Ameya Pawar,Scott Waguespack,density_multifamily; home_sales; rental_prices,1433,1,1131,301,0,0.24790727056641426,0.7905,0.7905,-0.3010349576749017,0.21767317375206469,0.7485492953398372
2022,Fredrenna Lyle,Michelle A. Harris,density_multifamily; home_sales,149,1,0,148,0,-0.4576479304696969,0.209,0.791,-1.2866913914271132,-0.38323606211678174,0.5326852473623941
2022,George Cardenas,Shirley Coleman,home_sales,2,0,0,2,0,0.5317116089286531,0.791,0.791,-0.7763158741962276,0.5419992283720731,1.927324793245608
2022,Chris Taliaferro,Emma Mitts,density_multifamily; home_sales; rental_prices,564,1,310,253,0,-0.43775944778413706,0.2085,0.7915,-1.4008391305375265,-0.3918002202746266,0.5144294440166863
2022,Latasha Thomas,Ted Thomas,home_sales,114,0,0,114,0,-0.9870808685692518,0.204,0.796,-2.1321431117194347,-0.6647419706118212,0.9871433507287148
2022,Raymond Lopez,Stephanie Coleman,home_sales; rental_prices,457,0,119,338,0,-0.6719423688751768,0.203,0.797,-1.9742475033263434,-0.5870324742133137,0.7865887465074798
2022,Michele Smith,Scott Waguespack,density_multifamily; home_sales; rental_prices,1647,2,1488,157,0,-0.2879905719418835,0.1985,0.8015,-0.7893452090146994,-0.22732115220565616,0.2994534685517907
2022,Nicole Lee,Pat Dowell,home_sales; rental_prices,19,0,14,5,0,-0.7327406833959446,0.198,0.802,-2.0636919227552153,-0.5716300331067518,0.8725650111741254
2022,David Moore,Roderick Sawyer,home_sales; rental_prices,943,0,547,396,0,0.5451099370648116,0.803,0.803,-0.602415918514456,0.4918724157720368,1.6249101013428482
2022,Dick Mell,Patrick O'Connor,home_sales,12,0,0,12,0,-0.399340637743152,0.1955,0.8045,-1.2320961977566278,-0.37706358228955217,0.4589705248620493
2022,Leslie Hairston,Sophia King,density_multifamily; home_sales; rental_prices,8659,4,8581,74,0,-0.5289731067396037,0.1955,0.8045,-1.340244060657115,-0.4350857217534001,0.5898557144400538
2022,Anthony Beale,Howard Brookins,home_sales; rental_prices,132,0,34,98,0,0.5060841766662478,0.806,0.806,-0.5502070392442826,0.41290026786146516,1.3272888954874256
2022,Ariel Reboyras,Billy Ocasio,density_multifamily; home_sales,48,2,0,46,0,-0.5176346661936829,0.1925,0.8075,-1.537089920970494,-0.4478603158472548,0.5633994071266595
2022,Jeanette Taylor,Roderick Sawyer,home_sales; rental_prices,348,0,207,141,0,0.6042515398420893,0.8165,0.8165,-0.6046195283310363,0.5440458342860601,1.7498415203114726
2022,Eugene Schulter,Patrick O'Connor,density_multifamily; home_sales,193,2,0,191,0,-0.41233094053666397,0.182,0.818,-1.085323978292088,-0.3293164928865083,0.3738245945179975
2022,Emma Mitts,Gilbert Villegas,home_sales; rental_prices,96,0,43,53,0,-0.5724407984977261,0.1805,0.8195,-1.5284473497444817,-0.4997714484443839,0.45965231667864576
2022,Chris Taliaferro,Jason Ervin,density_multifamily; home_sales; rental_prices,637,1,412,224,0,-0.5268677699632526,0.1795,0.8205,-1.390373138154361,-0.46738987405669824,0.4765850851733529
2022,Chris Taliaferro,Nicholas Sposato,home_sales; rental_prices,347,0,70,277,0,-0.5476807325126455,0.1785,0.8215,-1.5269575239856894,-0.49609017728777544,0.5345906759273342
2022,Fredrenna Lyle,Shirley Coleman,home_sales,3,0,0,3,0,0.6185878452031722,0.8235,0.8235,-0.7080149474840143,0.6567160115265958,1.9481614493904085
2022,Robert Fioretti,Toni Preckwinkle,density_multifamily; home_sales,20,1,0,19,0,-0.47453398825796544,0.176,0.824,-1.4360722634530545,-0.4743142975678277,0.5839394062922201
2022,Isaac Carothers,Michael Chandler,home_sales,20,0,0,20,0,-0.6732283765648321,0.1755,0.8245,-1.8682850592208737,-0.5778352886034621,0.6746520258717809
2022,Margaret Laurino,Timothy Cullerton,home_sales; rental_prices,88,0,79,9,0,0.49155127812399135,0.8275,0.8275,-0.45176939880291633,0.4196953053392005,1.3512470074444045
2022,Jeanette Taylor,Pat Dowell,home_sales; rental_prices,169,0,123,46,0,-0.6275458870660451,0.1695,0.8305,-1.6390832290487791,-0.4961748084179067,0.5479554165139917
2022,Roderick Sawyer,Willie Cochran,density_multifamily; home_sales; rental_prices,498,1,357,140,0,-0.4639569138745151,0.1685,0.8315,-1.22096114688514,-0.4032741281919502,0.4374451225875539
2022,Gilbert Villegas,Roberto Maldonado,home_sales; rental_prices,73,0,50,23,0,0.594323278763886,0.8355,0.8355,-0.48452274297071724,0.5251099686879133,1.5392949107323914
2022,Nicole Lee,Raymond Lopez,home_sales,7,0,0,7,0,0.8191556583085324,0.836,0.836,-0.9171551351821144,0.7674408423772127,2.2893548756817723
2022,Joe Moore,Mary Ann Smith,home_sales,5,0,0,5,0,-0.5504453308440922,0.1635,0.8365,-1.5829848488310132,-0.5212019822107741,0.5505485427361605
2022,Leslie Hairston,Sandi Jackson,home_sales,30,0,0,30,0,0.5273664046246676,0.842,0.842,-0.5283408542427868,0.4844941433325079,1.4928206753566196
2022,Shirley Coleman,Ted Thomas,density_multifamily; home_sales,235,1,0,234,0,0.8281641282078243,0.8435,0.8435,-0.8836452937679083,0.8857670137291738,2.623453590678624
2022,Daniel Solis,James Balcer,home_sales; rental_prices,15,0,7,8,0,0.5663266173510453,0.8515,0.8515,-0.3867775083411929,0.4624431043748798,1.2833856546631066
2022,Deborah Graham,Emma Mitts,density_multifamily; home_sales; rental_prices,251,1,74,176,0,-0.6096700222677292,0.1485,0.8515,-1.5966648437527444,-0.5572756196944646,0.5021271008544699
2022,Margaret Laurino,Patrick Levar,density_multifamily; home_sales,148,2,0,146,0,0.5337187893823387,0.855,0.855,-0.3934633055941033,0.4191576234606329,1.2729258602132638
2022,Theodore Matlak,Tom Tunney,density_multifamily; home_sales,79,1,0,78,0,0.5075461477634231,0.857,0.857,-0.3682437359331994,0.42757655844147846,1.1952476757804997
2022,Arenda Troutman,Dorothy Tillman,home_sales,160,0,0,160,0,-0.894473980801235,0.142,0.858,-2.5452623914242287,-0.8614939084581665,0.7017918327143716
2022,Manuel Flores,Scott Waguespack,density_multifamily; home_sales,337,12,0,325,0,0.3818604528013416,0.8585,0.8585,-0.2788976370796344,0.35647981499153725,0.9949378531686717
2022,JoAnn Thompson,Latasha Thomas,density_multifamily; home_sales; rental_prices,153,3,22,128,0,-0.7575103269199475,0.14,0.86,-1.7778802574835773,-0.6322622493339447,0.4874135703251443
2022,Ed Smith,Sharon Denise Dixon,density_multifamily; home_sales,178,31,0,147,0,-0.6343421940152988,0.135,0.865,-1.5734705830486975,-0.555468741667904,0.493481567838658
2022,Deborah Graham,Nicholas Sposato,home_sales; rental_prices,135,0,8,127,0,-0.7195913069962375,0.131,0.869,-1.7322453758165501,-0.6525568546933866,0.4824048706033203
2022,Shirley Coleman,Toni Foulkes,home_sales,72,0,0,72,0,0.9789216645149543,0.871,0.871,-0.584634571118783,0.7894942829326019,2.052033302767794
2022,Nicholas Sposato,Timothy Cullerton,home_sales; rental_prices,203,0,20,183,0,0.6784239926543059,0.8725,0.8725,-0.44098680565606546,0.6223048522334595,1.6026892292918282
2022,Billy Ocasio,Manuel Flores,density_multifamily; home_sales,366,19,0,347,0,-0.7909084288106942,0.127,0.873,-1.7312275144815579,-0.6561884597966312,0.4102175650987102
2022,Ariel Reboyras,Deborah Graham,home_sales; rental_prices,108,0,16,92,0,0.6797420401146317,0.8765,0.8765,-0.43407128712370513,0.6416529232639526,1.6313873229879006
2022,Deborah Graham,Jason Ervin,home_sales; rental_prices,141,0,110,31,0,-0.6987783444468446,0.122,0.878,-1.6399764435478528,-0.6322459859370184,0.4197489030449345
2022,Scott Waguespack,"Walter Burnett, Jr.",rental_prices,21,0,21,0,0,0.3412470012090135,0.879,0.879,-0.15708643567953876,0.25588883791156763,0.73774913268782
2022,Anthony Beale,Todd Stroger,home_sales,9,0,0,9,0,0.9948055086728116,0.8805,0.8805,-0.5546179455564996,0.8293299163883825,2.28562581906837
2022,Robert Fioretti,William D. Burns,home_sales; rental_prices,177,0,160,17,0,-0.6444093796318083,0.119,0.881,-1.6391291591079837,-0.6165675278092259,0.39252163838498766
2022,Burton Natarus,Vi Daley,home_sales,19,0,0,19,0,-0.6104908709292087,0.117,0.883,-1.358969507811428,-0.5343881005748399,0.37270954169358955
2022,Margaret Laurino,Thomas Allen,home_sales,17,0,0,17,0,0.6888329258839545,0.8855,0.8855,-0.38048116619930444,0.5654485003461868,1.5371684266333865
2022,Ariel Reboyras,Timothy Cullerton,home_sales; rental_prices,299,0,138,161,0,0.6385747257727,0.888,0.888,-0.3698759158421702,0.5816364625824989,1.53264159762429
2022,Derrick Curtis,Howard Brookins,home_sales; rental_prices,58,0,11,47,0,0.7410245366429573,0.889,0.889,-0.4301051356254194,0.6530315104130291,1.6883436506157485
2022,Emma Mitts,Isaac Carothers,density_multifamily; home_sales,252,3,0,249,0,0.7530803563169968,0.8905,0.8905,-0.4062076569499785,0.6776609113264076,1.7492113161380611
2022,David Moore,Marty Quinn,home_sales; rental_prices,100,0,6,94,0,-0.8484510374198553,0.109,0.891,-1.8803876090419989,-0.7307166066429436,0.4921550151686876
2022,Leslie Hairston,Roderick Sawyer,home_sales; rental_prices,54,0,25,29,0,-0.6399580947864998,0.107,0.893,-1.3919403134134574,-0.5362664696497388,0.30641462149633897
2022,Brendan Reilly,William D. Burns,density_multifamily; rental_prices,375,1,374,0,0,-0.6844025703972887,0.106,0.894,-1.7398654590687923,-0.675505323560248,0.39227044423209567
2022,Byron Sigcho-Lopez,Pat Dowell,home_sales; rental_prices,128,0,123,5,0,0.7662555240613348,0.896,0.896,-0.3769016033487333,0.7257110439132731,1.7362690550396513
2022,Gilbert Villegas,Milagros Santiago,density_multifamily; home_sales; rental_prices,95,2,30,63,0,0.9293138684620128,0.896,0.896,-0.413365228951869,0.8159402022772075,2.1257558617163723
2022,Michelle A. Harris,Natashia Holmes,home_sales; rental_prices,64,0,33,31,0,0.9053274820794966,0.896,0.896,-0.43204915819104034,0.8091229540824686,2.043324580974896
2022,Jeanette Taylor,Raymond Lopez,home_sales; rental_prices,83,0,12,71,0,0.9243504546384319,0.8975,0.8975,-0.48912645054584386,0.8146673506933251,2.118343056969779
2022,Leslie Hairston,Shirley Newsome,home_sales,2,0,0,2,0,-1.1850105270241844,0.1,0.9,-4.651789890777073,-1.123489205730218,0.8918382219465343
2022,Proco Joe Moreno,Rey Colon,density_multifamily; home_sales; rental_prices,476,8,280,188,0,0.492796857464846,0.9,0.9,-0.20025362555949208,0.38096369313827655,1.0130162622497092
2022,Deb Mell,Patrick O'Connor,home_sales; rental_prices,194,0,176,18,0,-0.5933593007865926,0.095,0.905,-1.271658170807614,-0.5123590632438386,0.27441197294874686
2022,Raymond Lopez,Willie Cochran,home_sales; rental_prices,62,0,7,55,0,-0.7840558286708577,0.094,0.906,-1.7428718749286733,-0.6856415230100739,0.329436441789181
2022,Daniel Solis,Robert Fioretti,density_multifamily; home_sales; rental_prices,866,14,717,135,0,0.5161511907500557,0.907,0.907,-0.20124987239547953,0.4264864329238604,1.083121202375614
2022,Rossana Rodriguez-Sanchez,Samantha Nugent,density_multifamily; home_sales; rental_prices,308,1,251,56,0,-0.998380106398637,0.0925,0.9075,-2.2981210812590342,-0.9172533809721908,0.407931081489854
2022,Ariel Reboyras,Rey Colon,density_multifamily; home_sales; rental_prices,683,3,279,401,0,-0.5864088943420273,0.092,0.908,-1.2548815942138654,-0.48823969201691264,0.1973290940556107
2022,George Cardenas,James Balcer,density_multifamily; home_sales; rental_prices,206,1,25,180,0,-0.770063904134159,0.092,0.908,-1.6330419768890965,-0.6505106886793681,0.28030190883627726
2022,Shirley Coleman,Willie Cochran,home_sales,26,0,0,26,0,-0.838878516961507,0.092,0.908,-2.1071089889250607,-0.7958025916808604,0.4186627427029063
2022,Chris Taliaferro,Michael Scott Jr.,home_sales; rental_prices,33,0,18,15,0,-0.8242731311369456,0.0915,0.9085,-1.775862405816591,-0.7242259992688297,0.36992448932484523
2022,Gilbert Villegas,John Arena,home_sales,4,0,0,4,0,0.8225321792942745,0.9095,0.9095,-0.31249751072725673,0.7354433373580653,1.7790922242788993
2022,Vi Daley,"Walter Burnett, Jr.",home_sales,17,0,0,17,0,-0.5547904384534885,0.09,0.91,-1.0673906932928627,-0.4165620856935981,0.21150353406642397
2022,Fredrenna Lyle,Howard Brookins,home_sales,36,0,0,36,0,-0.7877912066753311,0.0885,0.9115,-1.6336599822506326,-0.6806276233937805,0.2620451840289963
2022,Ariel Reboyras,Isaac Carothers,home_sales,78,0,0,78,0,0.8231523741638994,0.915,0.915,-0.30750981520835,0.7372177970596951,1.8109147415760214
2022,Byron Sigcho-Lopez,Patrick Daley Thompson,density_multifamily; home_sales; rental_prices,415,13,335,67,0,0.8397694845662877,0.915,0.915,-0.33473299638545034,0.7814158680305985,1.9035207957817615
2022,Michelle A. Harris,Roderick Sawyer,home_sales; rental_prices,1391,0,1019,372,0,0.7013141725858774,0.916,0.916,-0.3013991547090544,0.6035007988228602,1.487059097718648
2022,Harry Osterman,Patrick O'Connor,home_sales; rental_prices,1387,0,1218,169,0,0.7083684362576498,0.9185,0.9185,-0.21685129553621685,0.6056205104541885,1.4675436804254778
2022,Brendan Reilly,Daniel Solis,density_multifamily; rental_prices,1469,1,1468,0,0,-0.556144381515536,0.0795,0.9205,-1.1588246256503791,-0.4910722396641139,0.2057603823176845
2022,Brendan Reilly,Vi Daley,density_multifamily; home_sales,45,1,0,44,0,0.6612737814639166,0.9215,0.9215,-0.2176973184516112,0.4892925651899283,1.2085132246799826
2022,Latasha Thomas,Toni Foulkes,home_sales; rental_prices,278,0,44,234,0,-0.8363233322621217,0.0785,0.9215,-1.8088393400355494,-0.7563358429365411,0.3028376052393385
2022,Frank Olivo,Shirley Coleman,home_sales,6,0,0,6,0,-1.2702401028198944,0.077,0.923,-2.5045661144659594,-1.0578737333697572,0.4663577538585056
2022,Dick Mell,Margaret Laurino,density_multifamily; home_sales,214,5,0,209,0,-0.6999861379875879,0.0765,0.9235,-1.4623660354691321,-0.6182351762271006,0.23970826286723612
2022,Andre Vasquez,Debra Silverstein,density_multifamily; home_sales; rental_prices,455,1,360,94,0,-1.011533904110744,0.0735,0.9265,-2.052245276106126,-0.8885190615016019,0.28947007295562505
2022,Ariel Reboyras,"Walter Burnett, Jr.",home_sales; rental_prices,42,0,9,33,0,-0.585435640994022,0.073,0.927,-1.109834516555198,-0.48534086964008405,0.1597866538967777
2022,Ariel Reboyras,Thomas Allen,home_sales,230,0,0,230,0,0.8358563735326632,0.9305,0.9305,-0.18037965878455384,0.7461850008443345,1.6846184655967225
2022,Jason Ervin,"Walter Burnett, Jr.",density_multifamily; home_sales; rental_prices,4481,30,4101,350,0,-0.5663993366618091,0.0695,0.9305,-1.134481679374638,-0.481049955176281,0.1351023261425908
2022,Leslie Hairston,Todd Stroger,density_multifamily; home_sales,59,1,0,58,0,-1.1826942115714476,0.067,0.933,-2.326066659838602,-1.004772622249129,0.3305658988784051
2022,Manuel Flores,Rey Colon,density_multifamily; home_sales,170,9,0,161,0,0.7221342006623499,0.933,0.933,-0.14881160587896267,0.6117623293726604,1.385889851128874
2022,Matt Martin,Rossana Rodriguez-Sanchez,home_sales; rental_prices,159,0,110,49,0,1.03489173754438,0.9335,0.9335,-0.29870501092090335,0.929624061001378,2.1601366039018712
2022,Carlos Ramirez-Rosa,Rossana Rodriguez-Sanchez,density_multifamily; home_sales; rental_prices,1170,8,850,312,0,-1.084657858364073,0.066,0.934,-2.115671025057306,-0.9092422211743967,0.2994187997541626
2022,Debra Silverstein,Joe Moore,density_multifamily; home_sales; rental_prices,944,1,835,108,0,0.8426973373929503,0.9345,0.9345,-0.2623471738498361,0.7497267685927675,1.6880877632287021
2022,Deborah Graham,Sharon Denise Dixon,home_sales,2,0,0,2,0,-0.9645647934403787,0.064,0.936,-2.01120278161364,-0.8707577267414155,0.285703224411244
2022,Madeline Haithcock,"Walter Burnett, Jr.",density_multifamily; home_sales,40,8,0,32,0,-0.5998010881436517,0.063,0.937,-1.1724915307139876,-0.5147974988645675,0.15811963420284528
2022,Chris Taliaferro,Gilbert Villegas,density_multifamily; home_sales; rental_prices,801,9,351,441,0,-1.0102002462818631,0.0625,0.9375,-2.0279971965780668,-0.881679023931455,0.22887411206810004
2022,Helen Shiller,Mary Ann Smith,density_multifamily; home_sales,120,2,0,118,0,-0.9474663016907773,0.0625,0.9375,-1.926287124379162,-0.8317576443482633,0.27714249737700297
2022,Patrick Daley Thompson,Willie Cochran,home_sales; rental_prices,52,0,32,20,0,0.6943265525286664,0.94,0.94,-0.19796320283498828,0.580483796010546,1.3640577869449557
2022,Fredrenna Lyle,Leslie Hairston,home_sales,30,0,0,30,0,0.8836243369026803,0.9405,0.9405,-0.19039669816207713,0.7588115579320868,1.6778208729339608
2022,Byron Sigcho-Lopez,Nicole Lee,density_multifamily; home_sales; rental_prices,223,3,205,15,0,1.4989962074572794,0.943,0.943,-0.37552010128576957,1.3093664542387624,2.904417714354893
2022,Daniel La Spata,"Walter Burnett, Jr.",density_multifamily; home_sales; rental_prices,1318,10,1219,89,0,-0.8731910314224149,0.057,0.943,-1.5956674514064504,-0.7372091202957831,0.20751115574922344
2022,Proco Joe Moreno,"Walter Burnett, Jr.",density_multifamily; home_sales; rental_prices,1680,5,1505,170,0,0.49377011081285127,0.9445,0.9445,-0.07156286689833084,0.39533094495557897,0.9212877158972645
2022,Ed Burke,Stephanie Coleman,home_sales; rental_prices,84,0,16,68,0,1.0978879527017678,0.946,0.946,-0.22076480150870278,0.9544613520557155,2.153510788002587
2022,Raymond Lopez,Toni Foulkes,home_sales; rental_prices,410,0,205,205,0,1.0337443528056036,0.9465,0.9465,-0.2546612259562342,0.9113048011680445,2.0518040711517296
2022,Lona Lane,Toni Foulkes,home_sales; rental_prices,257,0,54,203,0,1.0377517372154,0.947,0.947,-0.1772987346228331,0.9074929745525588,2.0614830716022583
2022,Rey Colon,Roberto Maldonado,density_multifamily; home_sales; rental_prices,1013,3,647,363,0,0.6783633924550898,0.947,0.947,-0.12443875087400048,0.5804643209557663,1.2997415036813507
2022,Ed Burke,Ricardo Munoz,home_sales; rental_prices,132,0,19,113,0,0.8676780628488066,0.951,0.951,-0.11192648744651394,0.7637315810122122,1.6944266207220193
2022,Manuel Flores,Theodore Matlak,density_multifamily; home_sales,285,4,0,281,0,0.8650786075943029,0.951,0.951,-0.12473769951819098,0.7321550424874278,1.659813431869147
2022,Isaac Carothers,Sharon Denise Dixon,home_sales,10,0,0,10,0,-1.1079751274896465,0.0485,0.9515,-2.1510143256234833,-1.0007581913407986,0.2037023401947177
2022,Anthony Beale,Michelle A. Harris,home_sales; rental_prices,326,0,143,183,0,0.836227452871882,0.952,0.952,-0.11041702268297833,0.6920887360921245,1.5520427505047698
2022,Brian Hopkins,Timmy Knudsen,home_sales; rental_prices,313,0,303,10,0,1.0834029799778793,0.954,0.954,-0.1902768251248154,1.2036616725797997,4.715028299524753
2022,Jason Ervin,Robert Fioretti,density_multifamily; home_sales; rental_prices,187,3,105,79,0,-0.7128758704377175,0.046,0.954,-1.3429020811187922,-0.6086652496581118,0.08981364188023716
2022,David Moore,Derrick Curtis,home_sales; rental_prices,683,0,154,529,0,-1.2273720483696573,0.0425,0.9575,-2.3061736382691596,-1.047397993547452,0.0909204910957075
2022,Emma Mitts,"Walter Burnett, Jr.",density_multifamily; home_sales; rental_prices,483,2,123,358,0,-0.6555076588409245,0.0425,0.9575,-1.1919533608673194,-0.5554607464460029,0.1190104127964842
2022,Bernard Stone,Joe Moore,density_multifamily; home_sales,67,2,0,65,0,-0.9957276508568897,0.0415,0.9585,-1.8707720214862547,-0.8646603880832409,0.08490993383352319
2022,Pat Dowell,Willie Cochran,density_multifamily; home_sales; rental_prices,789,6,408,375,0,0.7678405130336194,0.959,0.959,-0.09161599960192311,0.6534134686189188,1.396464864030862
2022,Ed Burke,Michael Rodriguez,density_multifamily; home_sales; rental_prices,122,1,9,112,0,1.3504792059195245,0.961,0.961,-0.08979985332270203,1.1600513311368075,2.3778449877092678
2022,Harry Osterman,Maria Hadden,density_multifamily; home_sales; rental_prices,707,1,670,36,0,1.2036681163452485,0.9615,0.9615,-0.11524849501875106,1.2406439042634183,2.860922861783201
2022,Andre Vasquez,Rossana Rodriguez-Sanchez,home_sales; rental_prices,272,0,248,24,0,1.3985736783568097,0.962,0.962,-0.09836228970953438,1.25387063773878,2.6389209990686244
2022,Manuel Flores,"Walter Burnett, Jr.",density_multifamily; home_sales,112,11,0,101,0,0.7231074540103551,0.965,0.965,-0.03751692247415627,0.618830805867221,1.2981395784726963
2022,Eugene Schulter,Helen Shiller,density_multifamily; home_sales,60,1,0,59,0,-0.9838324483993535,0.034,0.966,-1.829281368173221,-0.8182471333975249,0.06473459997639026
2022,Brendan Reilly,Byron Sigcho-Lopez,rental_prices,1906,0,1906,0,0,-1.0610168051581397,0.0335,0.9665,-2.0306845210957087,-0.9886728094281927,0.08725627926560048
2022,Andre Vasquez,Maria Hadden,home_sales; rental_prices,316,0,287,29,0,1.2949855920791795,0.967,0.967,-0.09610155311483559,1.3322092296104924,2.9838643291702653
2022,Ariel Reboyras,William Banks,home_sales,2,0,0,2,0,1.0381921400161003,0.967,0.967,-0.05849369148821615,0.9056592086523102,1.869932869220213
2022,George Cardenas,Patrick Daley Thompson,home_sales; rental_prices,74,0,27,47,0,-1.0014934605615202,0.033,0.967,-1.8084511271746255,-0.8458528186641591,0.0521771349503854
2022,Ameya Pawar,Harry Osterman,density_multifamily; home_sales; rental_prices,364,1,327,36,0,0.9138904244049446,0.9675,0.9675,-0.04576713917922128,0.7465025977620218,1.6155354896879357
2022,Margaret Laurino,Mary O'Connor,home_sales,3,0,0,3,0,-1.008501958289601,0.0325,0.9675,-1.848674672608184,-0.9089486422529781,0.04880997063803224
2022,Deb Mell,Margaret Laurino,density_multifamily; home_sales; rental_prices,730,1,613,116,0,-0.8940048010310285,0.0315,0.9685,-1.5259827076713806,-0.750872726013446,0.04815041063728409
2022,Roberto Maldonado,"Walter Burnett, Jr.",density_multifamily; home_sales; rental_prices,1010,10,740,260,0,-0.6773901391070845,0.031,0.969,-1.1899434182955289,-0.5763857790637681,0.046859094821279534
2022,Carlos Ramirez-Rosa,Deb Mell,density_multifamily; home_sales; rental_prices,1312,3,1028,281,0,-1.0901863239427092,0.03,0.97,-1.946578459435722,-0.9567500985766714,0.02975487437248941
2022,Darcel Beavers,Michelle A. Harris,home_sales,12,0,0,12,0,-1.4686758954002115,0.03,0.97,-3.745495432628267,-1.4468105106315607,0.14352814854293283
2022,Brendan Reilly,Sophia King,density_multifamily; rental_prices,2371,1,2370,0,0,1.0480211338582257,0.9705,0.9705,-0.04747712744329036,0.875694274786115,1.900723729787308
2022,Frank Olivo,Lona Lane,home_sales,170,0,0,170,0,-1.3290701755203398,0.029,0.971,-2.4834375479358743,-1.2017080265563886,0.021297653709825927
2022,Gregory Mitchell,Leslie Hairston,density_multifamily; home_sales; rental_prices,1475,1,1324,150,0,1.0944484884498904,0.9715,0.9715,-0.028977735118282808,0.9538262281979508,1.9686544032643674
2022,Byron Sigcho-Lopez,Monique Scott,rental_prices,1,0,1,0,0,2.1544115777845567,0.973,0.973,-0.10532698935556627,1.9915575972735318,3.843232881928707
2022,Debra Silverstein,Samantha Nugent,home_sales; rental_prices,81,0,10,71,0,1.4117274760689167,0.973,0.973,-0.023464197929634955,1.224812600737599,2.363067933065125
2022,Jeanette Taylor,Leslie Hairston,density_multifamily; home_sales; rental_prices,485,17,365,103,0,1.2442096346285894,0.973,0.973,-0.010756678253650188,1.0817199934454798,2.1895771226786374
2022,Margaret Laurino,Rey Colon,home_sales; rental_prices,64,0,22,42,0,-0.7334323419907359,0.027,0.973,-1.3091253347408993,-0.6516198505404711,0.012589271158308402
2022,Daniel Solis,"Walter Burnett, Jr.",density_multifamily; home_sales; rental_prices,4177,4,4169,4,0,0.6626277245259641,0.9735,0.9735,-0.006356474059749825,0.5573018497184048,1.1178439752075313
2022,Ed Smith,"Walter Burnett, Jr.",density_multifamily; home_sales,155,12,0,143,0,-0.9349550816835738,0.0265,0.9735,-1.6158533560153276,-0.7960899721147523,0.021136516439811556
2022,Matt Martin,Scott Waguespack,home_sales; rental_prices,750,0,569,181,0,-0.9383476189170289,0.0265,0.9735,-1.6462128123812136,-0.7785412660370008,0.02224571529740028
2022,Daniel Solis,Michael Scott Jr.,home_sales; rental_prices,10,0,6,4,0,0.9316217000140802,0.974,0.974,-0.023868794152069796,0.772837008107821,1.618631051418026
2022,James Cappleman,Matt Martin,home_sales; rental_prices,1041,0,979,62,0,-1.236306911773783,0.026,0.974,-2.1355587756948453,-1.0757232014005134,0.003634840177286482
2022,Madeline Haithcock,Toni Preckwinkle,home_sales,15,0,0,15,0,-1.2208116101775255,0.026,0.974,-2.1597536609715187,-1.1039726137260013,0.007232530573671
2022,Joe Moore,Patrick O'Connor,density_multifamily; home_sales; rental_prices,1449,1,1335,113,0,0.9685224787093745,0.9745,0.9745,-0.0032047738118561116,0.8297636481354762,1.6987327125265836
2022,Frank Olivo,JoAnn Thompson,home_sales,12,0,0,12,0,1.3025152208771291,0.975,0.975,0.0012709848322748731,1.1257957259906368,2.2376542234368766
2022,Howard Brookins,Roderick Sawyer,home_sales; rental_prices,87,0,19,68,0,1.0314574487915116,0.975,0.975,0.005116978095157071,0.8969842832952746,1.8596844090371194
2022,John Arena,Mary O'Connor,home_sales; rental_prices,234,0,32,202,0,-1.1816419092843433,0.0245,0.9755,-2.07172344995111,-1.0493360894711619,-0.007571271763351219
2022,Scott Waguespack,Vi Daley,density_multifamily; home_sales,92,4,0,88,0,0.896037439662502,0.9805,0.9805,0.04832115210598777,0.6900762245756347,1.3300427159243267
2022,Ed Smith,Robert Fioretti,density_multifamily; home_sales,147,27,0,120,0,-1.0814316154594823,0.0185,0.9815,-1.831884009329093,-0.9167207696758882,-0.05389335723488541
2022,Daniel La Spata,Scott Waguespack,density_multifamily; home_sales; rental_prices,3631,24,3281,326,0,-1.2144380326314286,0.0175,0.9825,-1.877060757413477,-1.013058889376438,-0.11379211175743188
2022,Howard Brookins,Lona Lane,home_sales; rental_prices,122,0,61,61,0,1.347548979178058,0.9825,0.9825,0.12123028946264172,1.1860051799764681,2.274454569368749
2022,Carrie Austin,Virginia Rugai,density_multifamily; home_sales,65,2,0,63,0,1.228715655955953,0.983,0.983,0.08263523864157243,1.0672515110361342,2.0870638055181705
2022,Latasha Thomas,Shirley Coleman,home_sales,107,0,0,107,0,-1.815244996777076,0.017,0.983,-2.9674322525290973,-1.5454770957329453,-0.1403622531003714
2022,Byron Sigcho-Lopez,"Walter Burnett, Jr.",density_multifamily; home_sales; rental_prices,4275,6,4265,4,0,1.1675001481685676,0.984,0.984,0.08438765315357422,1.0643241015812022,2.019018841914461
2022,Eugene Schulter,Tom Tunney,home_sales,97,0,0,97,0,-0.7959182280764596,0.016,0.984,-1.3250062773212161,-0.6668106723602398,-0.036641768763277696
2022,Howard Brookins,Thomas Murphy,home_sales,19,0,0,19,0,-1.4396712866027506,0.016,0.984,-2.8591144578999974,-1.3716335132664288,-0.123910253912472
2022,Michele Smith,Tom Tunney,density_multifamily; home_sales; rental_prices,3588,3,3519,66,0,0.702773730614501,0.984,0.984,0.025073893789980418,0.5711161413404604,1.1675186297498967
2022,Timmy Knudsen,Tom Tunney,home_sales; rental_prices,105,0,103,2,0,-1.4128489562996855,0.0155,0.9845,-4.881607271329201,-1.497656160079404,-0.18629251218289272
2022,Anthony Beale,Fredrenna Lyle,density_multifamily; home_sales,150,1,0,149,0,1.293875383341579,0.9855,0.9855,0.1102985858396381,1.0807893291628559,2.0434928475210636
2022,Byron Sigcho-Lopez,Michael Scott Jr.,home_sales; rental_prices,14,0,9,5,0,1.4364941236566837,0.986,0.986,0.20139695977486044,1.2962062807653467,2.3890454393793408
2022,Howard Brookins,Virginia Rugai,home_sales,103,0,0,103,0,1.1444092067194964,0.9865,0.9865,0.1510025556623133,0.9876721934656345,1.875933239115253
2022,Roderick Sawyer,Toni Foulkes,home_sales; rental_prices,119,0,82,37,0,1.353843267601946,0.987,0.987,0.18587145068944727,1.1712405926056237,2.2053906201938287
2022,Marty Quinn,Michael Zalewski,home_sales; rental_prices,1008,0,177,831,0,1.3371901075139436,0.988,0.988,0.16649735814687983,1.1769501701288738,2.2652150494441456
2022,Leslie Hairston,William Beavers,home_sales,8,0,0,8,0,-1.6981967284786803,0.01,0.99,-2.8871593781664564,-1.5688563584602746,-0.2845255481492132
2022,Michael Zalewski,Toni Foulkes,home_sales; rental_prices,15,0,5,10,0,1.4102141345726693,0.99,0.99,0.17344649953817748,1.2085472150085677,2.2638650759559855
2022,Pat Dowell,Sophia King,density_multifamily; home_sales; rental_prices,9714,25,9373,316,0,1.3427824149550307,0.9905,0.9905,0.19505128383139178,1.1686276714675854,2.180710465161614
2022,Eugene Schulter,Theodore Matlak,home_sales,72,0,0,72,0,-1.3034643758398827,0.009,0.991,-1.944934732544971,-1.0982065422157319,-0.21120174541087738
2022,Brian Hopkins,Michele Smith,density_multifamily; home_sales; rental_prices,7934,8,7590,336,0,-1.0322197069363073,0.0085,0.9915,-1.5372635424653474,-0.85161520580561,-0.1572816711831142
2022,Burton Natarus,"Walter Burnett, Jr.",home_sales,1,0,0,1,0,-1.1652813093826973,0.0085,0.9915,-1.668282606292149,-0.9488028524276162,-0.19930046239803792
2022,Ed Burke,George Cardenas,density_multifamily; home_sales; rental_prices,439,1,43,395,0,1.2929414009389408,0.992,0.992,0.21289069017317458,1.1118344977385528,2.0559333715846475
2022,James Cappleman,Tom Tunney,density_multifamily; home_sales; rental_prices,10514,8,10394,112,0,-1.1838902281344277,0.007,0.993,-1.8695152498856236,-1.0497925886871555,-0.19035759653430329
2022,Harry Osterman,James Cappleman,home_sales; rental_prices,2096,0,2020,76,0,1.5086713768522817,0.9935,0.9935,0.3174694704393304,1.3026292682251177,2.3666833839548143
2022,Lona Lane,Marty Quinn,home_sales; rental_prices,193,0,13,180,0,-1.709652504871213,0.0065,0.9935,-2.6086735645351964,-1.4951045143547064,-0.3398249417089078
2022,Patrick Daley Thompson,Raymond Lopez,home_sales; rental_prices,25,0,1,24,0,1.478382381199524,0.9935,0.9935,0.25175410621640454,1.265042890710695,2.350051002359834
2022,Ed Burke,Shirley Coleman,home_sales,110,0,0,110,0,1.824653009867594,0.9945,0.9945,0.4339188684166292,1.6713588290952428,2.9636472151640563
2022,Leslie Hairston,Willie Cochran,density_multifamily; home_sales; rental_prices,1144,12,908,224,0,-1.103915008661015,0.0055,0.9945,-1.7135558227596857,-0.9444124700238081,-0.18332050347349432
2022,Anthony Napolitano,Jim Gardiner,home_sales; rental_prices,208,0,46,162,0,1.6363275494852942,0.995,0.995,0.30030883112716245,1.347071158378163,2.4715081804593355
2022,Frank Olivo,Michael Zalewski,home_sales,360,0,0,360,0,-1.7015325728776094,0.005,0.995,-2.686296391695893,-1.4834432767878623,-0.3741996434066013
2022,Brendan Reilly,Brian Hopkins,density_multifamily; home_sales; rental_prices,21221,6,21186,29,0,1.0854466206796052,0.9955,0.9955,0.21229050992932308,0.8972128263357679,1.5859603108492828
2022,Ed Burke,Michael Zalewski,density_multifamily; home_sales; rental_prices,601,3,77,521,0,1.393360539809879,0.9955,0.9955,0.3144787728772554,1.219648546732048,2.1581283090953995
2022,Daniel Solis,George Cardenas,home_sales; rental_prices,122,0,31,91,0,1.3363905214852043,0.996,0.996,0.2971484303598349,1.126085426676616,2.046208075834424
2022,JoAnn Thompson,Toni Foulkes,density_multifamily; home_sales; rental_prices,588,4,104,480,0,-1.5938336591820692,0.004,0.996,-2.461387859318502,-1.3912774721918721,-0.344130504267736
2022,Byron Sigcho-Lopez,George Cardenas,density_multifamily; home_sales; rental_prices,157,1,60,96,0,1.841262945127808,0.9965,0.9965,0.42305782813100656,1.6366072592790526,2.7887894424611304
2022,Carlos Ramirez-Rosa,Felix Cardona Jr.,home_sales; rental_prices,682,0,506,176,0,-2.175721820779475,0.0035,0.9965,-3.257041015053754,-1.905835871371486,-0.5496539591109909
2022,Anthony Beale,Roderick Sawyer,home_sales; rental_prices,248,0,67,181,0,1.5375416254577594,0.997,0.997,0.3321499241427344,1.3048091921704854,2.2393279272048323
2022,Carlos Ramirez-Rosa,Milagros Santiago,home_sales; rental_prices,457,0,307,150,0,-1.7042694848112572,0.003,0.997,-2.6361305660295278,-1.463439599919804,-0.3548348898686445
2022,Daniel Solis,Madeline Haithcock,density_multifamily; home_sales,54,11,0,43,0,1.2624288126696157,0.997,0.997,0.3304903833148098,1.0694701345525468,1.8113739186539481
2022,Ed Burke,Raymond Lopez,home_sales; rental_prices,310,0,105,205,0,1.7698303215769446,0.997,0.997,0.4675944577248218,1.5184753853696347,2.6281584486050495
2022,Scott Waguespack,Timmy Knudsen,home_sales; rental_prices,14,0,13,1,0,2.40361325885607,0.997,0.997,0.9851105688145513,2.297187333699033,5.61593413299143
2022,David Moore,Toni Foulkes,home_sales; rental_prices,534,0,282,252,0,1.8989532046667577,0.9975,0.9975,0.4925930982614357,1.6814702425185952,2.944696844018652
2022,Latasha Thomas,Lona Lane,home_sales; rental_prices,156,0,29,127,0,-1.8740750694775214,0.0025,0.9975,-2.8628414932007393,-1.684666116480655,-0.47197556220683295
2022,Mary Ann Smith,Patrick O'Connor,home_sales,143,0,0,143,0,1.5189678095534669,0.9975,0.9975,0.40382317588989436,1.3513148079761894,2.287268199990034
2022,Byron Sigcho-Lopez,Jason Ervin,density_multifamily; home_sales; rental_prices,961,6,903,52,0,1.7338994848303768,0.998,0.998,0.483522672298617,1.553731416758474,2.561391960630851
2022,Daniel Solis,Sophia King,density_multifamily; rental_prices,3765,1,3764,0,0,1.6041655153737617,0.998,0.998,0.438943393923065,1.383368721681634,2.3416930503088245
2022,Silvana Tabares,Toni Foulkes,home_sales,7,0,0,7,0,2.286719082340614,0.998,0.998,0.6247477325062961,2.029821377830986,3.260648193542807
2022,Brian Hopkins,"Walter Burnett, Jr.",density_multifamily; home_sales; rental_prices,19528,28,19381,119,0,-0.9789632776691771,0.0015,0.9985,-1.4596371634043188,-0.820408467599213,-0.22908771078901835
2022,Carlos Ramirez-Rosa,Samantha Nugent,density_multifamily; home_sales; rental_prices,370,1,235,134,0,-2.0830379647627097,0.0015,0.9985,-3.097209218232288,-1.8342817337732646,-0.5421279557498838
2022,Daniel Solis,Jason Ervin,density_multifamily; home_sales; rental_prices,583,4,502,77,0,1.2290270611877732,0.9985,0.9985,0.35188257934553435,1.0342573804957524,1.7586922273536054
2022,Proco Joe Moreno,Roberto Maldonado,density_multifamily; home_sales; rental_prices,4307,42,3425,840,0,1.1711602499199358,0.9985,0.9985,0.3477698172556611,0.9750514394867374,1.6559460887019026
2022,Anthony Napolitano,Samantha Nugent,density_multifamily; home_sales; rental_prices,137,1,44,92,0,2.0622987307828393,0.999,0.999,0.6346492676104336,1.7432448967517122,2.8568333229020384
2022,Byron Sigcho-Lopez,Sophia King,density_multifamily; rental_prices,5786,3,5783,0,0,2.1090379390163654,0.999,0.999,0.632366533926978,1.9020897643192183,3.0879444936108134
2022,Daniel Solis,Ed Smith,density_multifamily; home_sales,39,1,0,38,0,1.5975828062095379,0.999,0.999,0.5181036514705245,1.343246505110013,2.224530181096446
2022,Debra Silverstein,Margaret Laurino,home_sales; rental_prices,126,0,35,91,0,1.510574315857889,0.999,0.999,0.48841921177616265,1.3273858855668559,2.1423839676558085
2022,Dorothy Tillman,Toni Preckwinkle,density_multifamily; home_sales,100,5,0,95,0,2.4538183729388203,0.999,0.999,0.7556440013054416,2.225870484373844,3.7543153965762603
2022,Manuel Flores,Roberto Maldonado,home_sales,31,0,0,31,0,1.4004975931174397,0.999,0.999,0.4048887067172355,1.1876201619354785,1.972959997158916
2022,Michelle A. Harris,Sandi Jackson,home_sales,82,0,0,82,0,1.8686386719970447,0.999,0.999,0.6282758603856983,1.6342349885365879,2.6753776990174742
2022,Roberto Maldonado,Scott Waguespack,home_sales; rental_prices,363,0,326,37,0,-1.018637140316098,0.001,0.999,-1.4581412487120053,-0.8264133691332962,-0.2882499960319309
2022,Brian Hopkins,Proco Joe Moreno,density_multifamily; home_sales; rental_prices,4453,9,4170,274,0,-1.4727333884820284,5e-4,0.9995,-1.8535582422873158,-1.2288495790663927,-0.6066099744737464
2022,Debra Silverstein,Maria Hadden,home_sales; rental_prices,502,0,432,70,0,2.3065194961899236,0.9995,0.9995,0.8503210685221613,2.199518557355881,3.784823981220058
2022,Dick Mell,Rey Colon,density_multifamily; home_sales,243,4,0,239,0,-1.4334184799783238,5e-4,0.9995,-2.1166469895873536,-1.270513938634346,-0.403746902402302
2022,Leslie Hairston,Michelle A. Harris,density_multifamily; home_sales; rental_prices,1360,5,990,365,0,-1.3412722673723771,5e-4,0.9995,-1.924531080554264,-1.136128884752901,-0.38519121595769934
2022,Scott Waguespack,Tom Tunney,density_multifamily; home_sales; rental_prices,3362,13,2918,431,0,0.9907643025563844,0.9995,0.9995,0.35572134090658725,0.7955169886192206,1.3195844868228888
2022,Toni Foulkes,Willie Cochran,home_sales; rental_prices,306,0,205,101,0,-1.8178001814764613,5e-4,0.9995,-2.48867219727148,-1.593164996492694,-0.6878451202082811
2022,Ameya Pawar,Deb Mell,home_sales; rental_prices,501,0,435,66,0,2.215618161449187,1,1,1.120741126475155,1.8639583557536108,2.6628962151123003
2022,Ameya Pawar,Dick Mell,home_sales,24,0,0,24,0,2.021599498405746,1,1,0.94080807424135,1.7377391930325448,2.6085272116146982
2022,Ameya Pawar,James Cappleman,density_multifamily; home_sales; rental_prices,1702,1,1584,117,0,2.4225618012572263,1,1,1.1568395630738526,2.072346023786987,2.965730567879424
2022,Ameya Pawar,Patrick O'Connor,density_multifamily; home_sales; rental_prices,2560,4,2255,301,0,1.6222588606625945,1,1,0.6903723254617231,1.3456567565562727,2.0847061741903645
2022,Ameya Pawar,Tom Tunney,density_multifamily; home_sales; rental_prices,2467,2,2301,164,0,1.2386715731227986,1,1,0.4483055683059587,1.0144422766046972,1.6282712745609842
2022,Anthony Napolitano,John Arena,home_sales; rental_prices,211,0,29,182,0,2.3342855215665534,1,1,1.167243997468529,1.9972731134416037,2.8111944839892615
2022,Anthony Napolitano,Margaret Laurino,home_sales; rental_prices,148,0,62,86,0,2.1611455705718114,1,1,1.1094112876124929,1.8487269956731818,2.6211299580772884
2022,Arenda Troutman,Fredrenna Lyle,density_multifamily; home_sales,131,3,0,128,0,2.76724147485618,1,1,1.2266730933424987,2.454404394931273,3.55656943893989
2022,Arenda Troutman,George Cardenas,home_sales,35,0,0,35,0,2.8541177111306992,1,1,1.3938786618686163,2.5194464021757508,3.636435477288394
2022,Arenda Troutman,Leslie Hairston,density_multifamily; home_sales,63,1,0,62,0,3.6508658117588606,1,1,2.067260913802691,3.2080046197179155,4.202690989715085
2022,Arenda Troutman,Shirley Coleman,density_multifamily; home_sales,206,4,0,202,0,3.3858293200593526,1,1,1.6594353836211229,3.0734603113801375,4.464519195958187
2022,Ariel Reboyras,Carlos Ramirez-Rosa,density_multifamily; home_sales; rental_prices,992,4,777,211,0,2.1312145726224463,1,1,0.957281728105445,1.871673999596693,2.8775930583346265
2022,Brian Hopkins,Scott Waguespack,density_multifamily; home_sales; rental_prices,2898,11,2657,230,0,-1.3202102788781906,0,1,-1.7357682582955596,-1.0802597927037176,-0.5137074867405561
2022,Carlos Ramirez-Rosa,Gilbert Villegas,home_sales; rental_prices,186,0,93,93,0,-2.63358335327327,0,1,-3.4877960779078974,-2.288610334705326,-1.1648209377100898
2022,Carlos Ramirez-Rosa,Jim Gardiner,density_multifamily; home_sales; rental_prices,310,2,249,59,0,-2.509009146060255,0,1,-3.460383979012187,-2.2005919480953136,-0.9931234681311569
2022,Carlos Ramirez-Rosa,John Arena,home_sales; rental_prices,432,0,369,63,0,-1.8110511739789954,0,1,-2.5381977048974997,-1.573519234207891,-0.6748480644752826
2022,Carlos Ramirez-Rosa,Margaret Laurino,home_sales; rental_prices,529,0,379,150,0,-1.9841911249737376,0,1,-2.6579592124720057,-1.7196177542833295,-0.8493979244025678
2022,Carlos Ramirez-Rosa,Roberto Maldonado,home_sales; rental_prices,1937,0,1519,418,0,-2.039260074509384,0,1,-2.724337133949946,-1.8012805658369264,-0.9146764903922591
2022,Carlos Ramirez-Rosa,Scott Waguespack,density_multifamily; home_sales; rental_prices,1084,2,1018,64,0,-3.057897214825482,0,1,-3.4887662756362245,-2.622134648553107,-1.871209150299249
2022,Deb Mell,Proco Joe Moreno,density_multifamily; home_sales; rental_prices,208,1,196,11,0,-2.1202340004866107,0,1,-2.5418460184383704,-1.785202947871801,-1.0280014650007856
2022,Deb Mell,Rey Colon,density_multifamily; home_sales; rental_prices,292,1,221,70,0,-1.6274371430217645,0,1,-2.1787107954841596,-1.399280166720386,-0.6263151287108822
2022,Deb Mell,Scott Waguespack,home_sales; rental_prices,551,0,429,122,0,-1.9677108908827727,0,1,-2.3545242218991946,-1.6465497282694197,-0.971647259762423
2022,Debra Silverstein,Patrick O'Connor,density_multifamily; home_sales; rental_prices,1013,1,835,177,0,1.8112198161023247,1,1,0.7138118415200368,1.561289671622581,2.366337097684374
2022,Dick Mell,Manuel Flores,home_sales,34,0,0,34,0,-2.1555526806406737,0,1,-2.8445191607806137,-1.8648099827386428,-0.9019448078078104
2022,Dick Mell,Proco Joe Moreno,density_multifamily; home_sales,28,2,0,26,0,-1.9262153374431699,0,1,-2.452672348754402,-1.6543669977132862,-0.8704101741887232
2022,Dorothy Tillman,George Cardenas,home_sales,1,0,0,1,0,3.748591691931934,1,1,2.017302644731907,3.382346006436537,4.827107703199126
2022,Dorothy Tillman,James Balcer,density_multifamily; home_sales,50,1,0,49,0,2.978527787797775,1,1,1.3737840310348692,2.7275517098081465,4.1318942549198265
2022,Dorothy Tillman,Madeline Haithcock,home_sales,23,0,0,23,0,3.6746299831163456,1,1,1.9646271520643412,3.3237717754299148,4.691288945457412
2022,Dorothy Tillman,Willie Cochran,home_sales,31,0,0,31,0,3.4414247838990804,1,1,1.8115801226760286,3.1336890373774207,4.454928426014095
2022,Ed Burke,Frank Olivo,home_sales,52,0,0,52,0,3.0948931126874886,1,1,1.692048160686419,2.724993866726645,3.8338941142771334
2022,Ed Burke,JoAnn Thompson,home_sales; rental_prices,196,0,12,184,0,4.397408333564617,1,1,2.9235670458422414,3.8424703400803817,4.7894226433614655
2022,Ed Burke,Toni Foulkes,home_sales; rental_prices,111,0,53,58,0,2.8035746743825483,1,1,1.5540458916484297,2.4409953944802965,3.3741881643902367
2022,Eugene Schulter,Manuel Flores,home_sales,3,0,0,3,0,-2.1685429834341856,0,1,-2.654283407752493,-1.8306314193251303,-1.0189688454133023
2022,Eugene Schulter,Mary Ann Smith,home_sales,9,0,0,9,0,-1.9312987500901309,0,1,-2.6780400263595836,-1.6757252609097781,-0.7497250544143005
2022,Eugene Schulter,Scott Waguespack,home_sales,122,0,0,122,0,-1.7866825306328442,0,1,-2.07665935155058,-1.4641927288836454,-0.8947091748757785
2022,Frank Olivo,Thomas Murphy,home_sales,111,0,0,111,0,-4.116290441301148,0,1,-5.3570036941515164,-3.732047583634971,-2.3965451945582754
2022,Fredrenna Lyle,JoAnn Thompson,home_sales,3,0,0,3,0,3.191343168900196,1,1,1.7286012649177618,2.797796378560104,3.885216990952496
2022,Fredrenna Lyle,Latasha Thomas,home_sales,243,0,0,243,0,2.4338328419802484,1,1,1.0874571700089029,2.171159776333889,3.2990487664237476
2022,George Cardenas,JoAnn Thompson,home_sales,10,0,0,10,0,3.1044669326256766,1,1,1.660489710336302,2.7315353832947116,3.7781036511761545
2022,Howard Brookins,Latasha Thomas,density_multifamily; home_sales; rental_prices,326,8,97,221,0,3.2216240486555794,1,1,1.8270477811247137,2.8589541520436397,3.8930718752550653
2022,JoAnn Thompson,Marty Quinn,home_sales,14,0,0,14,0,-4.341237901268682,0,1,-4.896031709018481,-3.8022135768520746,-2.7755394059865175
2022,JoAnn Thompson,Roderick Sawyer,home_sales; rental_prices,29,0,28,1,0,-2.9476769267840153,0,1,-3.589969030341769,-2.5742081751969588,-1.5964223844126013
2022,JoAnn Thompson,Willie Cochran,density_multifamily; home_sales; rental_prices,407,6,79,322,0,-3.4116338406585305,0,1,-3.970265150925511,-2.9812103193596817,-2.0871670798209565
2022,Latasha Thomas,Roderick Sawyer,home_sales; rental_prices,170,0,109,61,0,-2.190166599864068,0,1,-2.992039224707363,-1.9557424061359747,-0.9240192559377552
2022,Latasha Thomas,Thomas Murphy,home_sales,50,0,0,50,0,-4.66129533525833,0,1,-5.76969707874858,-4.2513487263695815,-2.8269947353267777
2022,Leslie Hairston,Toni Preckwinkle,home_sales,61,0,0,61,0,-2.0915214196212752,0,1,-2.8708793573288247,-1.8611444640418204,-0.7527165417558268
2022,Leslie Hairston,William D. Burns,density_multifamily; home_sales; rental_prices,8859,1,8802,56,0,-2.261396810995118,0,1,-3.0776551987580794,-1.9976268525539447,-0.9609318129192743
2022,Marty Quinn,Toni Foulkes,home_sales; rental_prices,61,0,11,50,0,2.747404242086613,1,1,1.3931290333170971,2.4013012157305558,3.5053114572513397
2022,Rossana Rodriguez-Sanchez,Scott Waguespack,density_multifamily; home_sales; rental_prices,584,5,462,117,0,-1.973239356461409,0,1,-2.7467441419887253,-1.7137792223132302,-0.7155333962264254
2022,Ted Thomas,Thomas Murphy,home_sales,57,0,0,57,0,-3.674214466689078,0,1,-5.425913011878751,-3.582150759772065,-1.8652272233195397
